id,Weight_kg,Height_m,Max_BPM,Avg_BPM,Resting_BPM,Session_Duration_hours,Calories_Burned,Fat_Percentage,Water_Intake_liters,Workout_Frequency_days_week,BMI
WUT-818,82.9,1.54,174,169,64,0.77,802,27.8,2.2,3,49.84
EHI-843,129.4,1.5,177,145,71,,772,22,1.7,5,18.07
PCX-201,112.4,1.71,177,165,55,1.56,1044,33.5,1.7,2,24.43
SIP-244,40,1.72,188,155,74,1.51,1266,26.4,2.5,2,17.79
IRZ-078,73.7,1.78,192,154,73,1.18,851,27.4,2.6,2,21.08
ZFG-292,84,1.71,194,148,52,0.92,621,28.3,3.4,3,17.99
XGQ-119,42.8,1.89,194,162,73,2,736,22.5,1.5,3,18.54
ZHQ-556,40,1.64,177,134,53,0.98,468,25.6,2.1,3,18.78
LPR-864,,1.8,197,165,56,0.74,1208,26.1,3.3,3,12.32
NCA-109,56.9,1.77,183,131,57,1.28,1052,20.7,3.5,4,18.57
XKV-496,67.5,1.69,177,169,72,1.07,975,26.2,1.6,4,14.08
FCG-941,69.8,1.82,178,168,58,1.9,963,31.4,3.7,5,34.21
VGD-834,79.2,1.77,198,137,66,1.2,1429,12.9,3.7,3,19.07
QKS-143,79.2,1.66,176,154,72,1.58,1493,18.1,2.3,3,14.27
IKM-004,73.8,1.75,187,149,74,1.64,1065,17.7,2.4,3,17.79
XOA-708,64.8,1.82,169,156,69,1.93,1516,21.9,3.5,3,17.69
GUH-070,46.9,1.84,185,147,65,1.29,1040,21.8,1.7,3,13
XKQ-804,90.8,1.66,182,134,56,1.77,990,10,1.8,4,22.03
MIA-105,56.1,2,180,120,57,1.04,1461,27.4,2,5,12.32
RSE-932,40,1.73,168,121,73,0.64,1153,29.9,3.1,2,18.62
KYR-071,40,1.85,175,144,51,2,1318,32.7,2,4,21.16
UWR-848,40,1.8,196,120,70,2,979,10,2.6,4,20.06
LKU-519,54.7,1.6,167,156,57,1.63,1134,22.7,3.4,4,15.86
HKF-408,97.5,2,169,159,68,1.17,782,24.8,1.8,2,42.88
EPC-421,50.6,1.89,189,130,66,,1278,28.5,3.7,4,27.87
MIU-834,94.7,1.52,161,141,66,1.4,1446,16.7,2.6,3,22.4
AID-254,42,1.74,197,120,57,2,1236,26.6,1.5,3,19.62
IAC-992,72.1,1.79,194,169,71,1.89,716,16.7,3.2,2,12.32
LRW-799,64.2,1.61,167,147,,1.17,1783,25.9,2.1,3,12.83
GSS-782,64,1.51,176,129,74,1.18,992,26.7,3.4,5,14.98
VFJ-003,84.1,1.78,194,145,64,2,686,30.3,3.3,3,14.46
YSE-562,61.3,1.6,191,135,67,1.09,609,13.7,1.6,2,14.7
HDU-860,66.6,1.62,192,156,58,1.3,1250,21.3,3.2,5,12.58
HHD-028,92,1.79,199,169,56,1.77,1105,14.4,,2,20.25
QXK-389,,1.76,176,167,58,1.21,912,28.4,3.6,2,25.72
FWV-910,96,1.82,198,144,58,1.19,323,23.8,1.8,3,12.32
TLI-479,61.1,1.74,191,159,69,1.36,1311,15.6,3.4,2,16.61
GOS-511,50.1,1.8,174,125,50,1.38,1185,30.8,3.4,3,29.04
GRU-523,86.1,2,180,158,72,1.27,1173,19.7,3.5,2,13.06
KOU-033,40,1.77,189,137,74,0.6,829,24.7,2.6,4,16.35
LAV-235,67.5,1.71,185,166,58,1.81,1162,10.6,3.5,3,37.91
YCT-250,44.8,1.81,164,,57,1.2,742,23.5,3.3,4,19.04
GTU-108,72.5,1.79,173,140,67,1.34,1629,27.3,2.7,5,19.58
YMT-506,49.8,1.96,199,162,74,1.64,996,,2.3,4,14.35
LCA-009,71.5,1.69,186,124,60,1.53,763,16.9,2.5,2,15.8
UGW-985,52,1.66,199,137,74,2,1314,26.7,3.3,3,20.41
FEX-013,50,1.83,163,140,64,1.41,969,19,1.9,3,14.29
ALM-832,43.5,1.77,161,136,57,2,452,24.4,3.3,5,21.96
CVX-642,54.6,1.66,189,142,64,1.19,523,34.7,2.6,2,18.88
HAK-983,69.9,1.78,160,143,74,2,930,19.6,2,3,12.32
RUG-688,40,1.72,195,137,52,2,1783,18.6,1.5,4,12.77
JAK-211,82.3,1.74,198,155,55,1.38,1368,26,3.3,2,17.15
UPZ-833,79.6,1.75,168,125,54,1.26,682,25.1,2.4,3,12.32
HJQ-058,74.6,1.88,177,166,53,2,1010,18,2.2,5,30.5
MTY-401,80.4,1.97,172,137,74,1.62,617,22.4,3.4,3,16.91
YUG-425,63.4,1.85,191,148,69,0.89,1106,21.4,2.3,5,15.64
AAY-511,43.1,1.75,183,138,53,1.95,437,19.1,3.6,2,18.14
AGU-013,92.1,1.59,171,150,54,1.17,968,21.8,2.4,5,25.66
DNN-771,43,1.95,163,164,68,2,1349,18.5,3.2,2,12.32
XBJ-555,101.2,1.59,198,122,58,1.08,,28.6,3.1,4,19.39
DLF-547,46.5,1.54,198,169,55,,1060,28.9,3.1,5,14.01
QTN-485,73,1.78,161,131,50,2,1319,26.1,1.5,5,12.32
KKM-902,71.9,1.54,177,120,73,1.17,817,16.8,2.6,3,29.64
LBU-229,81.9,1.79,178,160,60,1.24,1172,28.5,1.7,3,12.32
IFJ-298,67.7,1.69,192,123,57,1.44,1445,26.8,3.1,3,21.16
FWH-980,71.1,1.84,189,127,74,0.85,1303,15.2,2.8,2,30.36
QEY-086,47.3,1.75,196,169,56,1.32,706,29,1.9,2,30.5
ORZ-127,67.1,1.71,174,165,74,1.84,577,27.1,2.7,4,24.9
IXV-271,,1.72,169,136,66,2,945,22.8,3.3,4,26.19
TTR-484,73,1.89,172,153,56,1.19,596,15.6,3.4,5,17.22
NLU-461,40,1.68,178,147,71,2,831,17.3,3.5,4,24.89
TXJ-225,58.4,1.87,167,168,74,1.42,1306,26.9,3.2,2,17.66
HMX-478,40,1.56,196,149,56,0.79,1027,27.6,1.9,2,12.98
YIZ-155,51.8,1.58,164,164,51,0.84,1110,25.8,3.5,3,16.04
SOO-207,74.1,1.76,170,135,62,1.24,1214,13.7,2.5,3,13.25
RPM-292,91.1,1.76,197,162,59,1.52,1362,28.8,3.4,3,14.34
SNK-983,52.1,1.73,183,135,74,1.4,1141,23.9,3.1,3,12.32
TKU-002,51.1,1.83,180,130,57,1.05,939,17,3,3,16.85
DFI-393,41.6,1.94,168,153,57,0.86,1068,25,3.1,4,19.74
QAQ-262,100.6,1.74,179,138,68,1.2,1261,23.2,3.5,2,20.9
ZBP-488,87.4,1.87,182,162,65,,1303,27.6,3.6,2,12.32
MLD-997,41.6,1.85,181,169,52,2,1130,14.5,3.4,5,12.32
LOA-743,40,1.68,163,137,61,1.1,1470,31.7,1.7,4,19.34
SLW-011,56.2,1.75,164,127,57,1.45,952,29.6,3.5,4,17.29
WVF-029,80.5,,196,159,55,2,816,25.2,2.3,2,22.13
WEJ-432,52.2,1.75,171,165,72,1.45,570,26.1,3.4,4,12.48
BJY-892,83.1,1.94,188,153,56,1.41,1180,24.4,3.3,3,17.84
WRG-564,53.1,1.7,181,169,73,1.01,1740,23.8,2.3,4,
TVH-747,44.8,1.67,193,137,61,1.3,719,21.6,2.3,4,12.32
CSS-397,40,1.72,193,138,74,1.41,726,28,3.7,2,32.62
UQB-031,75.8,1.99,191,167,71,1.53,850,10,3.5,4,15.4
QDT-164,40.9,1.87,160,140,50,1.28,1261,17.1,2.1,4,39.61
JEO-399,80.8,1.85,188,141,74,1.19,838,12.1,3.5,2,14.81
XMD-606,63.9,1.86,161,147,51,1.83,1178,24,3.3,2,24.05
HYD-993,43.8,1.96,193,142,50,1.03,1590,29.7,3.6,2,21.88
VDD-389,71.9,1.88,177,159,57,2,1571,10,2.4,3,15.96
TMA-302,53.5,1.68,198,134,74,1.9,368,28.1,3.1,5,23.57
NHV-597,83.2,1.62,169,156,57,1.37,871,10,2.5,4,18.69
SCL-700,107,1.75,177,155,71,2,645,27,3.2,5,27.94
NWQ-023,65.3,1.6,177,153,74,0.96,,23.6,2.4,4,18.84
KWA-318,69.2,1.62,164,167,62,1.5,1721,25,2.3,5,33.3
CVL-086,46,1.79,177,140,68,2,1386,23.6,3.2,3,18
FMA-147,74.8,1.76,186,134,68,0.5,1783,21.8,3.5,4,23.47
YGR-414,49.3,1.71,162,160,52,1.23,375,29.4,3.4,5,14.06
NTY-692,67.9,1.81,194,137,73,1.19,1405,33.8,3.2,2,12.32
GXF-781,41,1.97,189,149,63,1.64,596,,1.8,2,12.32
CMW-237,81,1.64,175,169,74,1.99,878,21.7,1.5,2,13.42
XXZ-185,45.1,1.86,182,169,64,0.92,1482,25.5,3.7,2,18.99
MKM-678,54.2,1.68,199,137,74,1.67,972,14.1,3.4,2,15.66
MMP-281,83.6,1.86,170,162,74,0.83,732,22.7,2.8,2,24.77
IKC-893,50.9,1.73,170,137,58,1.43,804,23.5,3.7,2,17.61
CMP-780,89.2,1.88,189,167,58,2,1126,29.7,3.5,4,13.63
HGO-432,70.8,1.96,196,130,61,1.46,708,25.2,2.2,3,12.32
VRB-432,66.9,1.76,163,169,55,1.15,1018,24.2,3,3,16.52
KKZ-251,82.8,1.5,197,134,74,1.79,1009,30.5,3.3,3,19.41
DYT-944,80.4,1.79,171,169,74,1.43,,16.3,3.6,3,15.03
QEL-813,49.9,1.74,177,161,70,2,950,23,3.4,4,17.53
CRK-694,76.1,1.64,196,169,63,1.43,686,34.8,1.5,3,33.24
IEN-867,40,1.74,160,145,74,0.53,907,24.8,3.6,,24.44
TEM-980,91.1,1.7,,137,68,1.03,826,33.7,3.5,2,18.24
XTB-324,53.9,1.69,187,169,56,1.34,752,13.6,3.3,3,15.23
QCP-336,40,1.88,165,145,71,1.59,1121,22.6,3.4,2,14.1
YEK-109,75.9,1.7,183,151,51,1.01,1289,30.1,3.2,2,24.94
NLW-747,68.7,1.6,163,135,61,1.05,367,23.1,3.6,3,33.26
KXM-867,66.8,1.62,161,169,74,1.57,1410,30.2,3.3,,22.63
PPC-526,49,1.72,190,153,60,0.72,862,24.4,2.8,4,17.26
TBV-192,56.9,1.74,180,149,59,0.89,1441,22,3.2,2,19.82
EOA-698,115.8,1.68,177,150,74,1.11,629,24.2,3.6,5,20.56
FPO-095,100.3,1.83,168,125,74,1.21,746,23.3,3.4,5,
VOG-685,79,1.64,191,150,74,1.37,1741,16.9,1.9,4,30.73
NCC-671,50.6,2,179,133,,1.85,1265,19.8,2.7,,20.88
WMS-840,59.9,1.76,179,169,66,1.26,1024,,2.1,3,18.69
UGV-391,74.2,1.85,177,151,66,2,1104,28,1.5,3,
ALK-187,75.4,1.97,177,136,67,0.76,1371,29.7,3.1,2,15.43
CYN-796,61,1.67,163,139,70,1.22,361,27.4,3.4,2,17.17
IFY-980,45.3,1.75,190,169,69,0.82,808,28.4,3.7,2,26.5
EUY-741,78.5,1.81,190,127,74,1.38,466,29.9,1.7,4,15.7
VDD-390,50,1.69,196,143,53,,1115,21.6,2.7,4,28.53
LXT-241,48.6,1.95,175,152,57,1.87,862,23.1,1.6,3,12.32
ATX-617,51.4,1.83,195,141,54,0.97,1145,23.7,1.7,2,16.63
HWR-645,54.9,1.74,187,131,74,0.93,597,,3.2,3,18.89
ENP-854,64.7,1.67,167,152,74,1.38,1506,26,1.7,4,19.63
ZEO-214,77.8,1.76,183,157,74,1.27,1086,24.6,3.3,3,16.37
SMV-909,50.6,1.74,162,153,74,1.25,634,29.3,1.5,4,17.25
ZUJ-044,61.9,1.58,184,141,,1.63,900,25.2,3.7,2,18.23
KFK-101,42.6,1.56,180,169,62,1.27,1497,27.1,3.6,4,12.46
WDL-281,40,1.78,167,133,62,0.86,963,16.9,3.7,4,21.42
IRL-429,40,1.8,168,,58,0.5,729,32.5,3.7,3,12.32
JMT-543,71.3,1.78,167,129,72,0.86,1238,20.6,1.5,4,34.18
NEI-009,69,1.66,196,141,56,1.46,1251,25.7,2.4,4,18.23
TBA-319,57.1,1.61,198,129,66,0.94,1064,31.7,2.4,2,19.32
YFX-554,40,1.66,190,147,50,1.6,1287,27.6,1.9,5,22.99
JSP-984,,1.64,196,169,74,0.9,921,25.8,3.3,5,20.03
UOO-019,110.3,1.76,168,169,55,1.86,1391,33,3.5,5,16.38
HZL-369,56.5,1.86,193,129,54,1.4,901,20.6,3.5,4,13.7
LGH-922,71.9,1.54,170,121,59,1.48,658,18.9,2.6,4,24.65
LVS-683,74.8,1.83,165,144,63,1.66,1174,22.9,3.1,2,15.29
AGD-129,83.3,1.59,165,169,72,1.19,997,25.7,3.3,3,31.83
ZFD-160,40,1.75,176,124,68,1.01,1536,14.6,3.5,,17.62
EMK-872,68.7,1.77,161,169,68,1.01,1011,27.3,3.5,3,17
QIA-338,66.8,1.66,166,135,59,2,803,23.2,3,2,12.56
UCM-961,47.8,1.85,161,156,50,1.02,1265,30.8,3.2,5,12.32
TPP-046,59.1,1.69,180,155,57,1.99,1505,27.5,1.9,4,17.36
UXV-873,49.1,1.68,,142,74,1.13,961,23.7,3.1,,15.28
OQH-018,82.7,1.79,171,167,69,1.09,1305,21.8,2.1,2,12.89
HZA-471,52.4,1.74,181,169,63,0.83,889,10,2.8,4,13.4
GRS-235,100,1.73,192,166,56,1.22,1631,23.3,1.8,4,12.32
FHZ-355,57.5,1.74,193,154,70,1.16,1358,33.9,3.7,4,12.32
PVW-868,89.8,1.66,185,140,54,2,1283,28.4,1.9,,16.69
EPV-570,46.3,2,167,169,64,1.29,1556,22.5,2.6,2,17.38
NNN-192,56,1.82,170,131,62,1.55,1249,,2,3,15.72
DLY-310,40,1.58,,164,52,1.08,1262,24.7,3.2,4,28.07
UGL-663,42,1.82,188,137,67,0.77,589,16.4,2,2,29.09
ZVY-305,57.9,2,168,156,50,1.05,689,28.3,3.6,3,18.31
PQV-335,40,1.8,187,158,71,1.24,665,24.1,1.7,2,14.93
OYK-207,70.9,1.87,176,164,59,2,745,28.2,3.2,4,15.74
BDA-727,59.1,2,181,123,72,1.94,901,23.2,2.4,4,13.32
UUT-979,74.6,1.71,169,143,54,1.49,1213,28.7,2,2,18.68
RDD-608,49.9,1.77,191,123,74,1.4,626,25.9,3.4,2,24.35
DQE-711,52.6,1.76,175,154,50,1.17,1783,21,3,3,30.92
JLS-213,87.5,1.76,169,160,60,2,1042,22.4,3.3,2,21.79
REZ-298,44.9,1.77,168,127,57,1.66,512,12.3,3.7,3,20.39
WPH-416,63.9,1.71,164,140,66,1.48,785,30.2,3.3,4,21.96
GWL-444,48.2,1.75,180,134,63,1.39,1053,22.1,2.2,4,16.34
CMF-440,78.1,1.75,184,158,50,,871,31.6,2.5,2,17.61
AGY-784,59.4,1.87,195,139,74,2,958,14.9,2.7,3,36.72
USX-132,89.4,1.84,168,168,69,2,968,17.3,2.6,5,14.77
ZRC-557,53.9,1.62,170,169,72,1.38,810,24.7,3.4,3,29.34
XDL-058,62.9,1.72,191,157,63,1.31,514,26.3,2.2,3,12.32
ZFH-413,69.1,1.64,183,139,73,1.32,1002,26,1.5,5,16.27
ACK-825,49.9,1.75,182,158,74,2,1032,23.1,3.1,5,17.64
XJN-673,40,1.7,190,120,64,1.33,1589,26.8,3.1,2,18.76
GJF-860,40,1.65,160,144,73,2,1078,17.4,3.5,2,21.36
SYC-815,123.8,1.62,164,167,59,1.43,303,22.3,3.6,2,24.63
PDX-385,56.5,1.93,177,156,52,1.53,1419,22.3,3.5,4,16.43
HCA-421,98.9,1.58,181,126,68,1.48,1330,27.5,3.1,3,12.32
JJJ-999,63,1.66,191,168,74,0.89,456,24.5,2.7,3,14.75
FMZ-589,93.3,1.71,199,,50,1.59,1166,22.3,2.6,4,24.01
HYS-618,98.5,1.99,187,153,57,1.95,859,22.7,1.9,3,15.7
CAI-171,40,1.82,177,127,74,0.73,352,26,3.4,3,28.42
XNH-890,60.5,1.57,177,131,59,1.3,1286,28.1,2.6,3,19.42
MFN-814,53.8,1.7,197,120,69,1.01,1274,31.4,2.4,3,15.72
NVG-706,115.4,1.79,188,168,72,2,859,31.2,1.8,3,19.06
FEW-536,83.5,1.67,162,169,70,1.54,1389,12.1,1.7,2,33.8
BIQ-696,40,1.9,166,169,57,1.28,1556,17.4,2.1,2,19.51
AEB-418,48.7,1.75,187,141,70,2,1266,34.4,2.6,3,38.48
EQO-771,44.2,1.64,171,164,66,1.14,1083,16.1,2.2,5,18.36
QLB-135,77.7,1.55,178,131,67,1.4,1259,14.8,2.4,3,12.32
LED-883,57.6,1.74,172,120,74,1.46,635,15,3.2,2,12.8
VAG-138,47.8,1.73,162,136,56,1.42,562,23.9,3.4,3,14.48
FNM-887,83.6,1.84,186,137,73,1.33,1338,35,2.6,2,30.41
GMW-895,87.3,1.71,199,145,65,1.16,1783,30,3.3,3,12.32
QXO-088,48.6,1.72,180,136,72,1.38,1185,23.5,1.8,,21.68
NDG-050,80.7,2,184,142,74,0.72,1221,25.6,1.9,2,18.28
BIV-704,129.9,1.76,168,135,50,1.3,1208,25.1,2,3,13.89
KVD-476,59,1.78,173,169,51,1.07,904,18.9,3.2,2,12.32
QLV-170,73.6,1.53,186,128,50,1.46,1222,25.2,2.3,3,14.92
WEU-490,72.8,1.84,174,152,62,1.32,730,23.5,2.1,2,12.32
QZP-996,78,1.51,182,169,64,1.06,990,31.4,3.1,3,12.32
BUU-208,65.9,1.78,170,135,69,2,1734,23.9,3.1,3,24.81
JVQ-129,61,1.51,173,146,58,2,1403,21.7,2.1,2,12.32
GFP-794,65.7,1.72,180,169,56,2,1005,27,3,3,21.61
YRZ-861,,1.84,179,136,74,1.52,1256,22.5,3.4,2,18.9
JSZ-482,68.1,1.66,160,120,65,1.43,1343,27.2,3.3,4,25.77
UCR-944,40,1.64,160,152,56,1.2,1317,19.2,1.8,3,28.02
ZJA-171,65.5,1.69,178,134,53,1.29,405,24.4,,4,12.32
RHY-740,53.9,1.73,177,157,73,1.24,1483,10,3.5,3,15.92
CUI-969,62.7,1.87,184,141,59,1.59,708,10.3,1.5,2,13.14
LZD-208,42.3,1.64,198,169,65,1.55,1199,26.4,3.2,4,15.26
XYK-809,63,1.51,184,169,71,1.3,1136,23.8,2.3,3,22.69
VHE-286,87.7,1.98,186,145,50,1.61,1705,14.1,2.3,3,15.99
OMM-891,71.7,1.91,197,148,74,1.15,464,32.5,2.7,4,19.09
KYU-052,40,1.93,167,158,74,1.19,1265,24.7,2.6,4,12.32
WSN-811,82.8,1.79,192,127,74,1.18,1140,10,2.4,4,21.95
DWM-792,76.4,1.79,189,132,57,1.41,1414,33.3,3.5,3,14.21
MCC-408,40,1.59,187,152,73,1.52,948,27.1,1.6,3,13.85
NPK-493,66.7,1.73,172,,71,1.18,589,24.9,1.8,3,19.24
AOY-908,90.6,1.85,187,131,68,1.67,607,27.5,3.3,2,19.15
XIT-742,40,1.77,179,139,74,1.22,1173,27.7,1.6,3,19.2
LVT-262,51.4,1.78,167,154,70,2,1218,29.8,2.1,3,13.61
KQZ-376,129.9,1.71,161,169,56,2,443,29.6,2.4,4,12.32
FYD-137,76.6,1.84,188,138,71,1.72,699,28.3,3.5,4,19.76
KUP-606,42.1,1.6,194,148,73,1.27,1305,12.7,3.3,2,16.65
ASB-536,60.7,1.7,183,128,74,1.22,817,20.9,2.8,4,35.87
DYU-655,43.6,1.7,168,126,55,1.42,685,23.9,1.5,4,19.35
PZH-923,116.6,1.72,187,126,70,1.1,779,23.8,2.6,3,16.61
WVV-466,58.6,1.64,187,135,66,1.18,1564,10,3.4,3,21.91
DDY-527,86.3,1.89,164,131,74,0.97,1175,19.5,2.4,,28.62
TJC-344,55.2,1.71,172,136,74,1.93,670,10,3.1,4,20.85
VER-416,51.4,1.84,169,152,58,1.14,1175,20.9,3.5,5,16.95
TWX-473,64.8,1.6,189,149,59,0.5,880,22.3,1.9,4,21.61
QSI-783,51.8,1.6,176,159,72,1.14,574,25.3,2,4,16.69
EYF-537,75.3,1.67,166,130,58,1.22,928,27.4,3.2,3,23.17
IUA-163,129.9,1.82,182,158,70,1.44,1155,20.2,3.6,,17.37
ANF-602,59.8,1.7,181,120,73,1.54,1130,29.6,3.5,3,22.56
SPH-180,40,1.84,199,123,74,1.34,904,30.2,3.1,3,16.34
JQB-001,97.4,1.75,173,144,56,1.27,917,27.1,3.2,4,28.45
QJP-220,72.5,1.73,184,135,71,1.12,1392,11.9,3.5,3,29.87
DJG-640,92.2,1.73,170,150,74,2,538,10,2.2,2,15.3
VAF-553,79.4,1.77,165,150,73,1.23,1148,24.1,3.3,3,22.64
CCW-545,74.7,1.85,194,127,74,0.65,1105,19.4,3.6,2,16.46
XDM-709,41.9,1.69,176,138,74,1.89,1010,27.9,2.6,2,17.97
HNJ-106,73.6,1.79,195,146,73,1.13,636,14.1,2.7,2,12.32
AUI-448,103.4,1.53,180,166,56,1.28,631,23,3,4,19.18
VTU-410,72.9,1.63,164,156,51,1.11,582,27.1,3.2,3,19.83
NQM-224,59.1,1.62,191,127,54,1.02,995,26.2,3.4,3,12.46
HWD-641,45,1.68,171,154,74,1.5,1692,10,2.4,4,12.32
MBB-002,95.7,1.85,196,136,58,1.44,987,23.8,1.5,3,15.47
KHJ-612,,1.75,193,136,51,0.58,1218,28.4,3,4,19.66
QWK-922,,1.81,171,168,74,0.75,793,24.4,2.1,3,22.57
EJR-998,75.8,1.87,160,163,63,2,988,23.5,2.7,4,12.32
HQO-053,82.6,1.6,174,149,63,2,775,22.9,3.3,2,15.06
XMR-599,,1.5,198,128,50,0.97,906,31.2,3.4,2,21.03
RWI-885,115.4,1.73,187,154,63,1.12,878,30.7,3.5,3,27.02
TQQ-336,64.9,1.69,187,128,54,0.68,1303,10,3.3,4,14.87
MSB-264,42.4,1.69,198,129,58,0.77,1030,28.1,1.5,,20.39
KQR-247,87.1,1.91,186,150,51,1.39,1431,27,2.8,3,21.51
TBZ-138,104.3,1.79,197,158,72,1.3,933,23.4,3.2,2,16.4
VKH-314,84.8,1.74,165,151,59,1.49,717,24.9,3.4,4,14.13
ODT-906,43.6,1.6,165,141,60,1.37,1783,16.9,1.5,4,15.52
HPG-223,92.8,2,195,154,58,1.44,676,24.3,1.5,4,16.6
QLO-247,43.5,1.52,189,146,63,2,1213,24.3,2.5,4,25.35
JVZ-392,66.2,1.85,196,120,58,0.84,420,24.9,1.5,4,12.32
LON-117,70.5,1.65,179,144,74,0.6,1151,15.5,3.5,2,12.32
LBQ-427,73,1.59,175,165,70,0.96,869,30.1,3,5,15.01
OQK-770,57.1,1.66,168,146,74,1.17,1040,24.6,3.5,2,17.57
RFC-329,65.7,1.81,189,165,55,1.66,733,35,3.5,4,25.06
NNX-618,90.3,1.68,169,135,59,1.1,758,10.5,1.7,4,31.04
SEH-609,96.2,1.59,170,142,52,1.57,1305,10.2,2.8,,21.72
LOJ-319,67.7,1.84,193,122,66,1.19,900,13.7,3.4,5,19.76
EOY-512,90.9,1.69,198,142,74,1.35,927,18.1,3.2,4,16.23
TPL-954,40,1.52,192,151,63,1.5,572,25.1,3.7,4,25.64
YLW-099,69.3,1.75,180,120,72,1.06,1421,24.6,3.2,4,25.22
IRQ-932,40,1.78,192,149,57,0.93,1075,25.5,1.9,4,22.57
GBR-345,102.9,1.61,172,146,70,1.57,1113,23.5,3.2,3,21.82
HYU-235,40,1.52,164,144,65,1.53,629,22.6,3.1,4,22.23
DJM-545,75.6,1.74,192,128,72,1.86,906,21.4,3.3,4,34.73
MPW-278,40,1.97,173,133,74,2,916,18.8,2.3,2,13.57
ORG-192,73.5,1.87,167,145,68,2,1338,21.9,3.5,3,22.35
VAS-963,86,1.69,183,136,58,1.16,861,23.3,3.6,5,28.85
XGD-138,52.9,1.8,163,159,57,1.45,1117,27.1,3.3,3,27.72
EIK-330,40,1.81,176,138,66,1.44,1210,23,3.6,4,12.32
GSM-182,76.8,1.75,166,125,74,1.56,1152,25.1,2.7,3,16.66
DFQ-670,66.6,1.85,189,121,56,0.88,993,13.9,3.4,5,12.32
DTC-080,65.8,1.62,172,127,62,1.35,1307,26,3.4,3,15.3
BYK-424,66.9,1.69,197,149,74,1.37,872,16.6,2.6,5,33.07
RQY-276,86.3,1.86,167,143,73,1.26,1783,27.1,3.1,3,12.93
PZR-751,90.7,1.75,190,135,54,1.03,1155,28,2.3,3,12.66
FIC-582,74.7,1.59,161,169,74,1.08,1379,15.2,2.5,3,21.53
ZSU-278,57.4,1.74,179,161,73,2,457,27.7,2.5,3,24.67
DPQ-509,69.5,1.54,167,158,72,1.28,1044,27.9,2.9,2,14.68
UKG-784,62.1,1.68,173,158,71,1.23,1186,26.4,3.5,4,15.6
JLR-886,62.3,1.91,198,141,51,1.47,1394,22.7,1.8,3,17.4
MOE-690,121.6,1.78,182,151,50,1.81,1242,21,3.5,4,16.63
VIJ-396,76.8,1.52,191,140,66,1.08,702,21,3.6,3,25.59
SPL-010,66.7,1.93,175,166,63,1.26,949,27.8,3.4,2,13.53
NTN-603,70.5,1.84,173,127,66,0.97,1013,26.7,1.6,5,25.59
UUN-396,51.9,1.57,170,167,73,1.25,1082,27.5,1.6,3,18.89
RCN-449,69.4,1.85,177,153,74,1.55,879,10,2.4,3,17.58
DRR-925,87.8,1.88,195,133,74,1.95,621,19.9,3.4,3,20.22
AEW-746,40,1.58,165,134,69,1.05,624,29.2,1.7,3,12.47
OUL-785,49.2,1.64,177,164,53,0.58,1114,23.3,2.9,3,23.08
WPQ-722,56.1,1.54,182,168,52,1.34,1083,33.1,2.5,4,18.76
DVY-682,54.7,1.56,191,157,55,1.13,682,25.2,1.5,4,
WJR-564,80.8,1.8,195,137,64,1.1,1285,29.8,2.7,3,21.28
MNX-105,42.7,1.81,166,139,71,1.42,1044,26,3.2,3,12.32
MBR-633,40,1.8,176,122,73,1.37,1171,10,3.7,3,19.84
XNC-884,100.4,1.62,188,128,73,1.4,614,29.3,3.3,2,33.21
SKF-533,105.4,1.77,188,169,72,1.45,999,22.5,3.7,3,25.09
PHS-092,78.5,1.8,179,169,59,1.64,683,23.9,2.7,4,22.33
ZRE-917,80,1.67,167,169,57,0.94,899,29.8,3.1,3,17.15
WXU-912,92.1,1.77,175,167,74,1.66,737,25.3,3.3,4,17.16
CRU-121,51.6,1.5,175,149,66,2,863,25.2,2,3,24.7
BZA-453,45.1,1.87,192,138,69,1.89,1071,25.8,2.3,5,19.64
PKW-736,76,1.72,196,160,73,1.51,1306,28.8,3.5,3,12.32
RFB-081,46.4,2,198,135,74,1,497,29.7,1.8,2,23.07
RSD-755,68.5,1.61,191,169,74,1.18,1278,19.9,3.1,3,18.59
TJC-530,69.2,1.87,168,127,68,1.47,1275,24.1,2.9,5,14.59
VZR-333,81.8,1.83,182,163,53,2,1159,29.2,2.7,4,22.27
KBZ-419,86.3,1.74,184,169,61,1.85,993,24.9,3.4,2,22.21
KUC-615,77.9,1.8,199,169,56,1.3,1171,19.7,3.4,3,19.98
DNQ-080,94.4,1.69,197,155,61,1.94,1089,20.7,2.4,,14.52
IZH-431,59.7,1.65,191,138,68,0.95,539,35,3.2,4,17.55
LJN-434,90.1,1.72,184,138,68,1.35,1043,27.1,2.1,4,22.34
LZK-430,52.7,1.53,182,134,50,1.19,1090,31.5,3.4,3,25.06
ASP-519,47.8,1.62,173,129,74,1.59,1638,25.8,2.4,3,12.32
CDN-004,91.2,1.7,194,142,62,0.91,1090,33.3,3.7,3,17.63
PPQ-609,59.8,1.65,162,169,74,1.5,1130,30.4,3.2,5,12.32
TIF-053,48.7,,198,162,56,1.06,1503,10.1,3.4,2,23.7
RCB-234,45.2,1.73,198,156,59,1.07,1562,24.2,2.8,4,22.25
ERM-454,62.2,1.71,190,142,58,2,1757,18.5,3.1,,16.06
IZD-530,64.8,1.85,187,166,64,1.24,1678,28.7,1.9,3,12.73
TFI-519,102.4,1.5,173,156,55,1.44,453,17.5,1.6,4,18.23
XEK-622,99.1,1.72,182,169,62,1.14,1105,31.4,3.6,4,16.91
BGD-986,75.7,1.56,194,142,61,1.23,643,28.8,2.3,3,13.93
YBB-979,54.3,1.85,165,144,53,2,1740,26.6,3.7,4,20.04
TCN-334,53.3,1.73,172,144,71,1.1,1235,22.8,2.6,3,13.13
AII-971,40,1.75,181,155,50,2,998,27,1.8,,12.82
GZA-144,60.1,1.71,198,161,70,1.04,533,10.3,3.4,5,26.74
SLL-268,53.5,1.76,194,137,66,2,1395,13.1,2.3,5,17.16
FCG-213,103.1,1.72,168,166,59,1.07,978,23.1,1.9,2,16.79
GPW-510,58.6,2,165,169,57,2,1402,30,3.5,4,20.99
IPJ-056,43.3,1.69,176,158,53,1.31,500,23.7,1.5,2,13.83
KYZ-882,47.4,1.91,161,164,73,2,1206,26.6,3.5,5,15.36
TWH-731,62.8,1.71,182,153,70,2,816,15.8,,3,14.23
ONQ-050,63.4,1.83,196,169,71,1.66,466,28,3.4,2,24.61
PPM-326,99.5,1.79,186,122,56,1.45,1783,27.6,3.5,2,23.56
MCI-916,89.8,1.79,179,163,59,2,1098,28.2,1.7,3,12.32
WWG-255,48.6,1.72,177,156,70,1.39,708,25.4,3.4,3,20.42
WXN-269,64.6,2,196,137,73,0.85,704,21.4,2.5,3,22.43
AAE-272,78.4,1.66,182,168,70,1.67,495,10,2.5,3,19.29
QUM-878,47.1,1.87,165,132,68,0.72,674,31.7,3.2,2,34.98
PFU-570,49.6,1.87,190,137,54,1.6,1326,30.5,1.9,5,14.25
MCH-189,81.9,1.8,163,146,74,1.15,971,22.4,2.5,5,28.26
GHA-319,129.9,1.62,185,141,52,1.62,571,27.2,1.8,4,12.32
QSJ-617,96.9,1.8,163,132,56,0.94,748,21.7,2.5,4,24.29
PAB-714,88.9,1.6,182,148,74,1.39,1386,28.9,2.5,3,32.24
XUN-127,71.1,1.68,164,160,74,1.51,955,10,3.3,4,16.09
UQW-485,128.4,,166,169,50,1.53,914,16.7,2.8,3,13.01
ZMC-342,80.6,1.71,176,139,60,2,957,31,2.4,4,12.32
NWM-496,66,1.67,181,122,50,0.96,912,26.3,1.5,3,15.29
VRK-971,71.5,1.81,195,164,51,1.52,935,22,2.6,3,14.55
IRU-169,69.6,1.8,186,136,73,1.37,1081,28.6,2,5,21.14
LGV-947,40,1.67,162,146,59,1.04,807,24.1,1.5,3,13.05
FDI-705,55,1.88,176,131,74,2,1445,16.3,1.9,,26.04
TSR-064,56.1,1.91,167,122,70,1.4,1183,24.9,2.7,2,12.32
DCW-145,48.9,1.84,185,164,73,1.13,,27,1.5,3,22.64
RTN-766,68.4,1.86,175,129,66,1.99,895,20,3.6,5,16.16
MQU-491,86.2,1.93,167,145,62,1.74,640,18.6,3.3,3,29.48
QBV-958,53,1.83,199,129,74,0.88,540,11.9,3.1,4,15.29
UGG-459,60.8,1.77,169,130,74,1.1,1298,25.4,3.3,2,13.58
TMW-880,69.3,1.56,164,136,50,1.33,1084,30.7,3.4,3,23.56
EFE-103,54.1,1.76,178,127,65,1.42,501,29.2,3.7,4,22.15
OLJ-120,63.7,1.85,192,122,53,1.06,1032,24.4,2.5,3,13.95
WPV-771,71,1.72,192,128,59,1.44,1436,28.5,3.2,3,17.82
VZK-907,52.3,1.66,190,146,59,0.76,1186,21.4,3.3,2,15.38
OEV-078,84.3,1.6,173,127,72,0.8,911,24,3.3,5,13.86
QVR-989,97.2,1.73,175,165,72,1.15,707,14.3,1.5,,16.19
XQU-177,56.2,1.76,195,141,55,1.45,1195,23.9,3.2,4,22.61
RBV-521,107.6,1.5,,136,71,1.53,1062,10,2.3,5,23.77
KIV-641,67.7,1.73,188,162,54,1.76,954,18,3.2,3,16.07
HXZ-421,71.3,1.77,171,134,50,1.34,1239,35,2.5,3,18.17
DMY-492,74.2,1.71,199,150,57,1.05,1166,34.5,3.3,,12.32
DBC-997,58.2,1.85,196,130,57,1.36,582,25.7,1.5,4,35.08
FXW-061,78.7,1.68,191,132,70,1.28,1319,21.1,3.5,2,20.39
DBV-895,57.8,1.87,172,142,54,1.46,1741,28.7,3.5,3,13.33
QAG-577,95.6,1.5,196,152,56,0.5,639,25.2,3.2,2,13.38
YDF-320,69.1,1.63,198,138,57,2,1549,21.4,3.3,2,31.27
EIE-473,46.7,1.65,164,159,68,1.81,1563,15.8,2.5,4,19.8
AYJ-639,117.8,1.88,168,167,55,1.35,1259,32.3,1.6,3,14.24
HVH-557,40,1.76,,143,71,1.08,1442,25.7,3.3,5,12.32
YVT-295,48.9,1.7,168,156,65,1.4,1776,32.5,2.1,,21.36
RNM-417,52.4,1.86,166,130,59,1.53,880,21.6,1.5,4,12.32
PEG-866,96.5,1.8,187,155,68,0.92,1465,29.3,3.2,3,12.32
CVJ-381,70.5,1.65,192,162,50,0.63,1186,27.1,2.6,2,20.02
AGC-463,58.7,1.69,189,135,,1.37,1231,26.6,3.3,2,23.64
FEE-772,64.7,2,184,169,55,1.46,860,32.4,2.5,5,20.45
VAV-699,90,1.58,172,164,60,0.78,682,25,3.2,4,12.32
EST-075,64.3,1.58,160,123,62,1.02,1360,22,3.4,4,19.45
YFI-063,52.3,1.74,184,122,65,1.38,915,10,3.5,4,18.17
AZK-628,83,1.74,160,120,72,1.35,1628,21,3.3,5,15.13
GJU-510,75.9,1.81,196,125,55,1.4,1177,30,,3,12.32
IPG-960,85.1,1.79,194,138,55,1.16,829,23.7,2.6,4,19.2
TPD-062,59,1.62,193,162,56,,670,17.6,1.6,5,17.71
ZUH-110,47.4,1.96,161,142,65,1.18,441,18.7,1.6,3,21.34
FBX-911,56.8,1.83,197,152,56,1.22,1193,23.2,1.6,4,
FRT-748,78.2,1.9,180,131,55,0.85,888,16.2,2.3,3,29.89
UCZ-826,69.2,1.73,180,165,70,2,765,23.3,1.8,4,21.96
BJG-831,83.5,1.5,194,142,63,2,767,25.8,2.9,4,12.32
KFM-218,72.9,1.51,190,164,57,1.29,925,22.3,1.5,2,40.08
YAN-960,56.5,1.97,169,151,56,2,1380,28.6,2.6,3,13.2
AJE-516,62.3,1.68,167,122,74,1.69,772,21.1,3.3,,12.98
SKN-380,71.2,1.56,170,140,68,0.79,1014,21.8,3.5,4,13.25
MPC-411,56.8,1.75,183,149,74,1.54,926,25.3,2.6,2,12.32
IEI-536,56.2,1.58,184,141,71,2,640,25.2,1.5,4,
BSR-692,51.4,2,182,158,65,1.07,738,31.7,2.6,4,15.31
OSF-092,40,1.89,162,126,60,0.74,1237,24.7,2.9,3,17.09
JZK-961,40.9,1.75,187,136,50,1.14,1135,24.8,3.4,3,12.32
HUB-316,114.9,1.61,180,120,56,1.27,891,28,3.3,3,22.67
OLP-300,59.6,1.81,160,146,71,1.54,1382,22.6,2.8,5,12.32
UOK-289,73.2,1.58,175,169,,1.54,1226,25,2.4,3,24.85
OSM-964,55.4,1.8,164,163,73,1.33,783,27.1,1.5,2,18.71
QTY-247,40,1.8,160,136,62,1.85,1113,16.8,1.7,3,16.37
YQK-082,52.6,1.78,176,169,53,1.15,1384,31.1,2.4,3,21.08
IFF-450,88,2,193,128,70,1.24,399,23.9,2.8,3,31.33
CBW-709,40,1.87,161,,74,1.5,1200,23.7,3.3,4,13.11
TBV-949,51.2,1.92,187,169,55,1.1,969,25.3,2.7,2,16.98
JCI-616,60.5,1.88,166,149,63,,907,23.5,3.1,4,15.38
ZEY-481,68,1.74,175,120,68,1.01,694,24.5,3.5,5,17.47
VWA-628,62.1,1.83,168,149,51,1.39,1135,26.1,2,3,21.35
SYN-473,90.5,1.5,182,148,67,1.16,1204,23.3,2.8,2,15.69
ICG-986,68.6,1.8,196,138,65,1.08,578,16.8,2.6,2,21.41
BMV-207,41.5,1.89,188,129,59,1.35,532,27.6,3.4,3,20.79
NQX-320,86.5,1.65,196,169,59,1.08,771,27.3,2.1,3,12.9
RLW-891,68.3,1.74,184,161,51,1.9,566,27.5,3.5,4,16.26
YVF-240,47.6,1.51,175,120,70,0.78,583,22.6,1.7,5,13.71
DMD-794,44,1.79,193,164,62,1.84,622,26.3,3.5,4,14.27
LON-037,58.5,1.87,183,128,74,1.36,1034,24.8,3.3,4,24.49
JCW-890,40,2,173,126,50,1.1,1783,31.9,1.6,3,34.62
UNC-815,48.3,1.73,193,136,62,1.98,1404,22,3.5,3,13.22
QSC-496,54,1.71,191,169,71,1.23,730,29,2.7,2,15.39
DNW-637,91.8,1.82,171,140,52,2,1065,16.1,2.7,4,24.37
CFB-489,73,1.61,188,131,60,0.56,864,27.4,3.6,2,12.36
CNY-152,51.7,1.93,182,158,70,,1783,24.4,2.7,2,16.29
GHD-245,96.9,1.88,181,166,72,1.36,1220,15.8,3.7,3,30.18
LDH-116,81.2,1.56,182,166,66,1.62,1148,25.5,2.7,4,31.34
RBN-392,55.6,1.73,175,120,71,1.09,775,17.2,3,4,22.74
FHZ-797,65.3,1.74,178,168,63,1.12,984,25.6,3.3,4,19.87
IZL-628,46,1.71,175,126,59,1.18,1725,26.1,1.5,2,15.44
BPA-284,47.3,1.92,189,155,74,1.4,505,29.5,3.4,5,12.34
AYU-209,103.6,1.88,175,154,60,1.55,436,20.9,3.2,3,13.85
UKT-791,74.2,1.58,177,140,71,1.28,780,23.6,1.9,4,30.92
MKJ-256,45.7,1.63,199,144,71,0.94,1137,19.6,1.8,2,12.32
RAQ-202,44.3,1.65,189,129,56,1.9,972,27.8,3.3,2,15.86
YEX-189,63.6,1.74,199,135,61,1.31,486,26.1,2.2,2,25.85
CZS-176,87.1,1.9,196,122,51,1.42,1153,27.6,3.3,3,36.55
DHD-634,51.3,1.69,174,153,74,1.18,828,16.1,2.6,3,21.88
GZI-007,80,1.59,198,125,70,1.68,1263,15.3,3.6,3,14.62
HNX-522,95.5,1.57,181,158,67,1.47,1609,32.5,2,4,26.3
KEP-097,91.2,1.66,167,129,60,1.27,314,30.8,3.4,5,21.76
UWA-118,86.3,1.71,191,150,50,1.33,1166,33.3,1.8,3,18.7
QCG-683,62.8,1.68,177,163,53,2,1005,25.9,2.9,4,19.91
VRP-847,70.3,1.87,191,127,62,1.75,1285,23.9,1.5,2,14.32
OWL-479,64,1.83,187,155,74,1.79,406,27.7,1.5,3,31.31
NIS-605,65.7,1.84,165,146,74,1.59,954,17.8,2.8,5,16.06
BGM-244,40,1.82,168,120,74,1.28,303,25,3.6,3,17.95
IOR-633,45.1,1.6,195,163,66,2,453,31.2,1.6,2,22.88
RRI-407,59,1.68,,132,56,1.17,1186,24.2,3.4,3,14.37
SOK-507,41.3,1.73,180,156,74,1.55,1285,26.2,3.2,4,14.93
VCL-939,89,1.61,,160,74,1.3,827,23.8,3.1,3,30.63
EDV-922,62.5,1.58,175,137,51,2,1231,32.2,3.6,4,36.26
FMF-717,50.5,2,177,129,70,1.33,1213,26.6,,2,16.2
ZFO-467,92.2,1.71,194,141,59,2,1580,32.9,2.4,4,
TGK-761,91.2,1.82,181,158,74,1.49,1263,26.9,1.8,2,12.74
FQJ-557,102.6,1.67,190,132,73,1.41,800,28.3,1.5,3,18.79
CGK-311,105.7,2,187,145,58,1.48,1002,25.9,2.5,3,43.01
PJG-129,72.7,2,190,131,56,1.33,1126,12.6,3.6,2,23.15
BVZ-092,58.8,1.89,163,150,73,1.28,800,27.1,2.5,2,15.86
MXN-922,79,1.62,177,169,73,1,887,25,3.5,2,12.32
SGY-822,84.5,1.84,171,128,63,0.7,1067,32,2.4,2,12.32
NJH-546,80.9,1.74,181,128,61,1.19,1705,10,2.7,4,12.32
VYP-426,83.4,1.7,162,169,51,1.87,879,26.4,3.3,4,21.68
BBR-301,45.5,2,169,164,60,1.82,1297,24.9,2.2,3,17.6
YBH-874,79.7,1.92,192,,53,1.29,1187,25.3,3.5,5,45.54
SAJ-752,50.5,1.76,192,156,72,1.25,768,12.8,1.7,4,16.06
QAI-931,57.2,1.82,184,140,74,1.15,888,26.9,2.6,4,15.23
EZS-680,64.3,1.65,183,169,67,1.28,1783,20,3.2,2,20.59
PBE-123,63.9,1.67,178,144,61,1.56,868,24.8,2.4,3,24.51
KSE-857,65.9,,180,151,56,1.66,825,10,2.5,,15.58
FUJ-880,74.9,1.66,192,138,58,1.73,1766,28.7,2.3,5,15.98
UMT-707,73.3,1.5,185,169,67,1.38,433,30.6,1.5,4,22.55
ASD-220,44.2,1.9,174,159,50,1.1,1293,25.7,2.5,4,19.26
WLQ-156,85.1,1.98,185,148,58,1.29,785,22.5,3.5,4,14.37
RLE-703,56.8,,191,150,61,2,1183,24.3,1.7,3,19.28
AOB-388,40.8,1.69,194,145,54,1.65,1353,24.4,2.5,4,22.31
HIX-820,59.2,1.84,168,160,51,1.53,1476,25.1,3.7,4,13.81
PHY-692,83.1,1.72,182,167,67,0.89,771,23.8,2.3,4,12.32
XSN-339,72.5,1.78,177,142,67,1.99,1047,27.4,3,4,12.32
CND-986,45.5,1.58,182,136,69,2,1137,17.4,1.7,2,15.04
GYV-907,113.3,1.75,187,155,74,1.44,564,22.1,1.6,3,21.36
ULA-214,40,1.68,175,123,66,0.74,1783,27.9,3.5,3,14.27
PJM-318,70.7,1.7,165,160,53,0.99,808,23.5,2.1,3,18.29
TCY-634,102.8,2,166,131,73,1.28,1783,27.1,3.2,,14.05
MDL-228,64.6,1.51,194,127,55,1.4,1155,26.9,3.5,2,17.74
CSK-369,42.2,1.82,185,140,56,0.86,373,17.9,3.5,4,29.27
JLJ-907,48.8,1.84,186,168,65,1.68,972,25,1.7,3,16.6
QLC-485,61.3,1.77,173,167,50,1.88,1760,35,3.1,4,17.69
CMB-638,68.8,1.73,182,133,74,1.65,851,28.8,1.8,3,12.32
LKE-480,100.4,1.76,173,169,58,0.85,1465,30.4,1.8,3,17.45
MOH-946,58.2,1.64,165,169,71,1.92,984,20.8,3.3,4,19.05
NRX-814,76.2,1.87,184,148,69,1.96,809,26.2,2.3,3,17.02
GLV-225,72.6,1.7,161,168,51,1.28,1262,22,3.1,4,16.45
TTK-118,61.4,1.7,172,166,72,1.28,1064,32.5,3,3,19.45
PZJ-384,51,1.76,167,127,70,0.72,1119,25.1,2.6,4,12.64
PTK-165,85.5,1.8,168,156,69,1.39,644,15.7,3.3,2,12.32
QGX-463,74.6,1.63,182,160,60,0.93,1028,14.8,3.5,3,18.08
CMV-883,40,1.56,195,132,57,0.65,499,16.7,3.4,3,12.32
PLG-127,61.1,1.72,176,162,53,0.92,1378,15,3.4,4,12.62
QNQ-489,102.4,1.68,188,141,56,1.66,1553,18.6,1.7,2,16.38
AWN-498,56.9,1.61,183,130,,1.33,804,20.1,1.5,4,23.68
BPW-912,62.4,1.59,166,151,66,1.27,903,11,3,4,32.63
IHO-174,79,1.68,195,158,61,2,1410,31.1,2.5,5,14.2
QQT-756,84.7,1.83,166,156,73,1,833,27.9,2.8,5,33.49
ZAJ-567,129.9,1.71,196,136,74,1.27,931,26.6,1.8,5,21.04
LXQ-630,88.8,1.7,193,169,68,1.91,1145,18.1,3.7,2,30.34
BSI-389,55.7,1.99,172,142,68,2,1583,18.9,3.2,4,12.32
UFW-599,47.1,1.61,189,138,52,1.26,1095,19.3,3.6,3,29.91
QKN-929,59.8,1.6,180,151,58,1.2,611,16.4,2.5,3,12.63
DRB-719,61,1.97,172,140,74,1.99,1298,21.8,2.6,,24.27
LXK-846,,1.77,164,147,56,1.2,1091,30.8,1.6,3,21.49
JRZ-853,85.8,1.87,188,162,58,1.33,938,24.3,,4,18.34
PRU-027,86.6,,192,120,59,1.75,1102,19,1.8,3,17.94
TUJ-034,42.2,1.91,174,127,72,1.65,455,23.6,2.9,3,24.27
LTV-105,43.2,1.8,185,149,52,1.87,1019,23.5,2.1,4,27.59
YHM-563,80.6,1.86,195,127,53,2,564,23.1,1.5,3,29.21
CPW-647,64.7,1.75,172,157,52,1.35,1193,23.5,1.6,3,18.21
JWR-344,71.2,2,169,159,52,1.42,749,29.8,3.5,4,27.16
DTF-816,122.7,,191,151,72,1.14,524,24.3,1.5,2,17.44
EEJ-670,63.9,1.75,199,121,72,2,638,23.6,3.4,4,23.96
WFK-929,56.7,1.73,168,144,71,0.68,1129,25.5,3.4,3,19.65
KHJ-568,40,1.72,164,169,58,0.89,1198,17,1.6,5,20.71
MSD-558,91.7,1.58,167,120,52,1.65,1334,29.2,2.6,2,
UJW-066,62,1.65,199,142,56,1.61,1361,35,3.5,2,13.96
ECG-580,72.8,1.57,196,138,61,1.04,1382,29.8,3.4,2,16.61
ADZ-305,92.2,1.59,176,143,55,1.57,1050,24.5,2.4,4,23
QZV-112,57.8,1.61,162,135,65,1.91,684,18.2,3.7,3,12.32
WZW-680,89.2,1.81,161,169,61,1.34,820,23.5,2.6,4,27.63
VYE-181,78.3,1.58,184,141,68,1.5,1436,15,3.7,3,28.61
XDW-314,54.2,1.64,190,151,65,0.82,1184,16.7,3.3,2,19.39
XXC-298,55.4,2,,124,62,1.22,1292,26.8,2.4,3,19.35
CFP-152,79.7,1.64,194,148,55,2,1462,21.8,3.2,4,26.9
EVC-364,62.9,1.69,192,139,69,1.77,,28.8,3.4,4,12.32
OFW-956,83.6,1.79,171,128,72,0.7,1247,25.4,3.2,3,27.91
VAT-329,64.7,1.61,197,137,74,1.48,1088,25.1,2.2,5,24.23
XCR-774,63.6,1.77,173,145,55,1.29,1586,18.9,2.8,3,22.45
LAG-006,55.9,1.61,192,,74,1,1133,21.1,2.6,5,21.42
GPN-187,92.4,1.59,165,169,55,1.49,1783,24.9,1.5,4,22.09
JTI-817,64.1,1.68,190,168,55,1.35,1175,28.1,3.4,2,39.84
PNA-759,91.3,1.63,186,156,67,0.92,1091,22.6,2.4,,19.46
ETK-761,64.3,1.7,192,140,65,1.51,1236,33.9,3.6,3,39.07
VNR-651,77.2,1.64,168,162,64,1.25,438,22.7,2.4,4,30.85
ZLG-739,75,1.91,181,168,74,1.1,943,24.8,2,3,21.87
VBE-759,61.5,1.51,185,155,74,1.35,1079,31.4,3.4,4,21.29
DXL-722,72.4,1.68,196,169,53,2,1082,29.8,2.5,2,21.68
JXZ-524,68.6,1.7,172,167,57,1.32,501,25.4,1.5,3,18.29
PNQ-416,82.2,1.69,189,139,70,1.45,1184,10,2.5,5,18.01
CWL-652,68.6,1.75,184,140,60,1.26,681,29.4,1.8,3,20.02
ASF-391,64.6,1.82,196,165,55,1.46,1699,28.1,3.3,4,19.63
XSE-194,83.1,1.52,163,139,51,1.95,925,10,2.8,3,20.05
QFW-379,44,1.6,190,125,68,1.06,1246,21.1,2.7,2,15.5
IFJ-878,58.6,1.78,198,143,74,1.59,1008,21.1,2.2,3,44.77
XWG-673,65,1.69,171,162,62,1.54,1066,16.6,3.5,2,29.56
IJH-313,51.9,1.9,182,129,55,2,1418,32.2,2.4,2,20.41
VCP-596,110.3,1.94,171,,51,1.25,1376,30,3.7,3,12.32
WTX-583,65.9,1.99,166,127,71,1.08,1218,22,2.6,4,13.91
OVU-275,95.2,1.68,163,142,68,0.71,1196,24.2,3.7,4,19.46
VDB-061,78.6,1.65,198,127,66,1.61,938,26.8,3.1,3,17.92
HBO-235,58.7,1.98,199,145,52,2,1119,23,2.7,2,18.99
GXT-119,52.3,1.75,180,128,61,1.92,931,15,2.5,4,23.23
FSS-529,96.3,1.61,198,159,70,1.16,1203,32.1,3.1,3,12.32
MIO-350,72.8,1.82,162,136,57,1.23,780,11.4,3.5,4,22.59
BED-036,40,1.57,178,169,52,1.32,949,28.4,3.1,3,21.11
TZE-711,75.1,1.86,175,165,70,1.29,765,27,3.5,4,14.22
VBO-496,71.3,,168,162,71,1.93,1105,28.9,2.7,4,12.32
SRD-916,40,1.76,183,125,60,1.04,1783,21.9,3.3,4,12.32
EXW-254,70.1,1.58,169,156,63,0.82,797,28.1,3.4,3,24.04
DHA-211,89.7,1.67,172,130,64,1.46,729,27.7,3.4,4,17.56
VGE-237,112.6,1.79,174,167,60,0.69,1282,28.6,1.5,2,22.96
HOX-220,52.3,1.6,177,124,66,0.93,416,22.5,,5,31.64
YBH-990,55.4,1.72,186,153,74,2,1281,10.9,2.4,4,14.56
OPG-637,91.9,1.5,185,154,60,1.08,825,28.8,3.2,5,21.07
MBJ-379,100.7,1.75,163,166,61,1.28,1159,28.1,3.7,3,12.32
BIS-367,52.3,1.77,193,130,57,2,993,25.6,,4,15.08
WTB-603,56.4,1.76,198,129,71,1.79,488,22.9,3.3,4,17.49
JKD-049,41,1.82,171,138,53,1.47,1273,29.1,2.4,4,12.35
IGH-008,40,1.68,166,128,59,1.6,1112,10,2.6,4,19.67
IJK-217,60.1,1.94,184,162,74,2,,27.2,3.4,3,14.02
AUE-056,55.8,1.67,192,167,74,2,642,28.8,3.4,3,28.68
YQK-404,96.8,1.73,174,136,71,1.91,887,31.7,2.6,3,19.05
KFO-240,73.5,1.92,168,155,50,1.18,1048,14.2,3.4,5,18.37
ESH-238,40,1.72,178,132,72,0.83,857,27.3,3.2,4,17.8
SKK-888,55,1.68,169,136,64,1.07,1389,24.6,2.1,4,18.54
BHD-231,57.4,1.89,193,128,51,0.92,1121,22.4,3.5,4,16
NMQ-154,62.5,1.67,186,129,65,1.2,1783,23.2,1.5,3,26.22
ZVT-089,40,1.85,177,156,65,1.58,1014,24,3.7,5,22.49
BRD-959,80,1.86,177,153,74,0.9,886,25.1,1.6,2,19.41
ACL-181,45.6,,177,146,74,2,1108,18,2.9,4,26.74
SZM-615,55.4,1.88,187,134,53,2,855,16.3,2.6,5,14.33
WSG-358,41.4,1.69,191,169,56,1.99,647,23.2,2.8,5,16.26
MXY-066,75.4,1.58,192,169,63,1.3,1386,16.9,3.6,3,15.63
XQC-729,63.7,1.86,183,,70,0.91,759,24.5,3.5,3,18.88
ORH-704,63.3,1.9,183,148,67,0.58,933,20,3.2,4,22.45
YOA-258,62.9,1.73,187,157,54,0.99,569,27.9,2.4,4,28.52
LRE-722,75.2,1.96,172,132,61,1.22,829,14.9,2.7,3,21.52
JWL-660,50.3,1.66,180,131,74,1.12,677,27.6,1.8,2,39.72
RMP-561,53.7,1.75,167,137,74,2,788,13.3,2.6,3,16.24
QYX-273,43.4,1.71,184,165,71,1.24,945,10,3.6,2,25.15
ZLG-722,61.1,1.59,182,139,68,1.09,669,16.7,1.5,3,12.32
WXX-754,,1.81,176,169,64,1.37,1783,28.5,1.5,3,16.6
MYD-803,40,1.76,192,169,56,2,602,28,3.4,3,31.97
MWX-335,66.6,1.7,171,149,73,1.43,1321,26.6,3.3,4,13.51
LUU-638,83.5,1.67,162,129,65,1.48,1517,25.8,3.3,2,18.45
XBA-354,77.7,1.76,167,131,74,1.36,448,24.9,2.1,5,23.19
HKI-575,72.5,1.88,181,162,69,1.21,1120,34.6,3.4,4,27.76
SXS-197,42.5,1.61,183,155,71,2,933,22.9,1.6,2,
ECS-051,44.1,1.56,169,,72,1.34,1124,10,3.1,2,20.18
UNQ-683,59.6,1.73,182,139,71,1.42,1321,16.3,3.3,4,16.62
UNO-184,53,1.91,172,123,54,1.09,655,34.4,3.1,3,21.18
FUP-849,56.3,1.7,191,134,72,1.61,1631,23.4,3.3,3,30.84
JJD-537,50.6,2,174,129,68,1.34,1179,31,2,5,24.12
PQO-183,64.2,1.89,188,143,51,2,1662,23,3.1,4,17.41
ARN-390,40,1.8,162,140,74,1.42,901,22.2,2.5,5,29.73
DET-734,62.4,1.56,193,141,55,2,861,32.2,3.6,3,18.61
XTG-926,68,1.7,174,155,68,0.74,1464,17,2.3,3,21.67
UAM-873,84.4,1.74,182,142,52,1.45,1392,22,2.6,2,34.01
YBT-236,60.7,1.73,198,124,70,1.34,1212,24.8,2,2,20.21
TXQ-848,107.7,1.99,188,129,55,2,1127,10,2,2,17.86
PTQ-859,70,1.74,198,169,69,2,1468,28.4,2.8,4,21.91
JOK-078,74.2,1.5,191,129,72,1.77,848,17.3,1.5,3,24.11
LOO-968,73.2,1.76,171,159,61,1.21,973,26.4,2,4,12.32
UTM-738,81.7,1.81,177,130,50,1.45,507,23.2,1.7,3,34.26
EIQ-241,85.6,1.54,168,128,59,1.45,860,14.9,2.4,4,12.32
GJX-492,91.6,1.68,191,128,59,0.68,1783,19.1,2.6,2,12.48
GUX-614,74.7,1.69,163,158,58,1.37,854,14,3.4,4,13.79
SLB-945,62.1,1.68,191,130,74,0.85,1098,13.9,2.8,4,28.14
UWT-928,87.3,1.51,190,168,56,2,1306,32,2.3,4,14.46
VVD-053,40,1.57,165,169,68,1.04,669,30.2,2.6,2,15.05
LIK-029,65.3,1.68,161,145,73,0.72,408,32.4,1.7,5,25.26
RYS-635,69.3,1.61,187,140,53,1.12,998,17.6,2.8,,32.49
ETS-475,48.7,1.6,175,133,59,1.38,996,23.5,1.5,2,21.98
CNG-848,67.1,1.9,184,169,59,1.61,587,20.8,2.7,3,12.32
KKA-472,93.7,1.77,192,142,57,1.45,1230,14.8,3.6,2,23.62
GBG-189,44.7,1.68,166,160,62,0.99,1672,28.6,1.5,2,17.59
CQN-990,50.3,1.81,176,156,70,1.46,1143,31.8,1.9,3,26.47
PRE-132,59.9,1.7,169,163,65,1.26,1474,11.7,2.9,4,33.85
HAI-109,56.5,1.73,198,136,74,1.23,991,14.5,3.6,5,13.82
QJT-045,51.1,1.66,161,154,65,0.86,944,31.1,3.3,5,19.67
DGW-139,40,1.81,194,164,57,1.57,1070,21.3,3.4,3,37.33
ULD-722,88.5,1.64,160,163,50,1.25,1190,31.7,3.2,3,26.98
EDA-337,69.3,1.99,183,154,62,1.97,827,14.4,1.5,4,18.72
YPR-481,45,1.8,187,162,74,1.82,1395,23.2,2.7,4,12.32
LTU-556,77.2,1.86,180,133,,1.55,1710,26.5,1.6,4,17.34
ILU-413,68.8,1.73,198,169,66,1.46,1279,31.4,1.6,3,12.38
VZJ-794,64.1,1.82,170,120,57,1.53,686,16.3,2.7,2,13.85
QFJ-533,109.4,1.58,170,165,74,1.94,619,21.9,2.2,5,21.16
NDV-163,101.9,1.5,196,164,56,1.87,1211,23.8,3.2,2,15.07
SHA-420,75.7,1.85,160,157,64,1.59,1179,29.7,1.5,3,37.5
FEM-641,40.3,1.69,166,169,69,0.5,864,24.9,2.6,3,20.42
VOM-761,91.2,1.77,164,162,55,1.28,648,25.4,3.3,2,18.88
HRX-892,64.1,1.55,179,152,52,1.41,1091,31.1,3.3,4,18.43
XTI-260,121.1,1.75,163,149,68,1.57,716,21,3.3,5,26.5
WGC-344,61.1,1.74,163,156,59,1.89,1277,21.5,3.4,2,
IQB-904,59.3,1.79,189,128,69,0.91,877,24.8,2.1,4,28.16
FGL-264,58,1.77,179,157,74,1.59,1145,21.3,1.5,2,14.72
QGD-920,74.9,1.74,196,163,54,1.24,1144,30.7,1.6,2,25.53
YUH-735,59.2,1.68,187,127,54,1.53,466,27.3,2.9,2,12.32
HET-426,77.8,1.62,164,161,70,1.52,1095,23.1,3.5,5,21.22
QYL-301,67.8,1.57,198,135,67,2,1062,30.5,1.5,3,14.86
QLU-803,43.3,1.78,193,128,72,1.27,1479,26.3,3.4,3,31.04
VGC-291,82.4,1.57,171,169,55,1.07,1218,31,2.5,4,12.47
BAD-177,93.2,1.71,176,149,60,1.4,1348,27.2,2.1,,14.12
KAD-508,96.7,1.7,175,141,54,2,880,32.9,2.3,2,13.16
JQS-293,72,1.66,167,144,68,0.87,1248,10,3.6,4,17.55
ASN-476,95.3,1.72,190,169,74,1.49,733,29.2,3.7,5,20.06
XRA-285,60.6,1.76,188,148,50,1.38,676,30.2,2.5,3,23.73
CEQ-410,57.4,1.74,198,165,67,1.58,880,20.9,3.3,4,
FLE-998,93.5,1.85,166,167,74,1.01,670,23.2,2.6,3,19.83
KNO-812,40.2,1.7,184,152,70,1.82,744,13.2,2.6,3,18.63
QPM-348,77.4,1.69,179,132,74,1.11,712,27,3.5,2,16.23
NMD-185,40,1.86,180,169,63,1.26,986,25.3,1.5,3,19.92
XHH-740,84.4,1.67,184,160,74,1.28,1475,10,2.1,5,17.62
GMJ-559,101.5,1.9,175,165,74,1.46,1128,26.3,2.7,2,25.74
GLK-700,56.3,1.81,189,166,65,1.39,1066,14.3,2.9,3,22.34
FQK-926,72.1,2,166,124,67,2,1582,32.7,3.4,3,21.75
NKU-100,53.8,1.66,163,133,64,2,1187,34.5,1.5,4,23.95
CPT-641,48.9,1.7,194,145,55,1.12,487,33.9,2.2,5,28.96
MKT-661,60.9,1.86,191,152,60,1.79,1108,31.5,1.5,4,42.08
CWX-872,79.4,1.71,186,124,74,2,877,29.6,1.5,3,27.97
BNL-125,40,1.77,191,169,58,1.2,613,22.2,2.2,4,29.56
WXH-702,60.9,1.92,192,151,67,1.5,1407,18,3.5,5,43.3
OPL-562,50.2,1.89,197,125,51,1.46,1286,27.6,3.3,2,15.27
POE-884,82.5,1.79,190,132,69,0.9,664,10,2.3,2,34.85
OWG-345,57.2,1.84,168,141,74,1.56,303,16.8,2.4,5,29.68
AGV-829,65,1.77,194,152,66,1.34,715,25.2,1.8,2,23.25
EPB-949,57,1.7,168,160,61,0.74,976,17.7,2.8,4,12.32
VXC-980,70.8,1.85,160,142,52,1.5,1624,14.2,3.5,2,15.46
VUX-858,77.2,1.89,192,152,58,2,858,25.6,3.2,3,19.23
ZTT-004,71.2,1.8,176,139,68,1.4,354,10,3.4,2,31.75
USG-456,40,1.64,178,130,69,1.15,1093,27.4,3.4,3,14.89
AZD-013,61.5,1.88,182,152,72,1.62,793,24.2,3.3,4,23.84
ISS-280,73.6,1.82,162,141,55,1.5,1057,25.2,2.1,2,30.41
STQ-177,50.8,1.89,199,163,59,0.8,784,35,2.5,3,22.37
GAZ-448,58.4,1.61,182,165,70,0.77,1259,20.1,3.5,4,26.13
ZLP-826,67.4,1.76,187,120,74,1.1,911,21.4,2.3,5,19.6
YYA-390,60.6,1.83,172,161,60,1.32,760,25,3.3,5,18.03
XPI-081,80.7,1.74,192,121,72,1.43,839,26.5,1.5,4,12.32
NAA-079,73.7,1.88,192,141,59,1.68,769,,3.2,3,24.55
YCF-736,81.4,1.89,177,137,70,1.01,503,14.5,1.5,,21.8
EQJ-627,85.3,1.68,161,133,74,1.45,1269,26.1,2.5,4,15.99
TEE-623,66.1,1.63,181,169,71,1.48,666,30.6,1.6,5,17.15
VTR-608,57,1.62,188,126,70,2,998,17.9,3.4,4,13.32
EYN-358,40,1.72,194,127,68,1.51,1005,27.1,2.1,2,21.98
NMQ-123,62,1.74,181,158,53,1.15,549,22.5,2.2,,16.32
HLE-215,83.7,1.8,190,149,74,1.43,1157,16,3.5,,13.59
EXF-124,46.8,1.7,195,153,59,1.33,1178,24.7,3.4,3,26.27
OUM-718,68.7,1.81,192,169,62,1.08,1783,10,3.4,,32.2
RXD-955,90.6,1.6,161,125,52,1.03,1410,16,3.5,4,13.91
NEJ-145,54.3,1.82,185,168,66,1.4,1415,25.4,3.6,3,26.4
NQK-943,96.3,2,173,136,74,2,1095,20.4,1.5,5,25.83
OVF-386,62.2,1.69,164,134,67,1.24,1783,30.3,3.2,3,25.59
PJU-189,40,1.67,176,120,55,1.39,1710,18.2,2.7,3,12.32
IDJ-677,75.6,1.82,196,138,74,1.31,925,32.4,3.3,3,15.35
SFU-041,119.6,1.72,191,150,74,1.77,1006,13.1,2.2,4,13.32
BAP-454,56.6,2,184,125,52,1.29,918,28.9,3.3,2,23.89
GCN-936,42.2,1.63,177,134,74,2,685,26.4,3.7,3,28.27
JTW-437,61.9,1.55,181,150,72,1.93,1117,27.1,3.6,3,12.32
ZBI-325,70.7,1.64,196,136,,1.38,1608,13,1.6,5,20.83
XFC-507,40,1.83,188,137,71,1.47,1783,26.9,3.6,5,20.31
POX-672,100.1,1.76,170,160,55,1.43,1694,25.9,1.8,3,15.73
KNV-909,87.9,1.62,178,138,65,1.68,1205,20.9,2.6,4,34.99
UWG-511,40,1.62,166,164,73,1.23,1046,25.2,3.7,5,14.53
CFU-010,80.2,1.91,192,135,62,1.47,1461,16.5,3.7,2,28.49
JUC-454,62.3,1.82,174,160,64,1.23,1080,15.9,2.5,3,22.26
SXR-199,,1.81,179,144,50,1.52,1144,22,1.5,2,14.43
ZNX-748,59.4,1.87,190,122,50,1.77,1337,25.5,2.8,4,23.2
TEA-330,46.3,1.59,166,133,54,1.33,1001,23.8,2.2,2,17.74
SYW-115,88.2,1.72,191,155,54,1.28,911,27.2,2.2,4,15.42
WIT-909,120,1.79,187,141,51,2,1508,,2.5,4,21.36
ZMM-903,45.4,1.73,197,151,50,1.27,1200,23.1,3.6,4,17.33
IOR-365,40,1.87,186,140,56,1.57,848,26.6,2.6,5,12.87
VJA-480,129.9,1.78,189,120,74,1.51,828,20,1.5,2,30.83
IBZ-465,85.4,1.71,188,169,74,1.17,744,21.6,3.6,4,20.15
ESV-407,40,1.93,180,143,74,1.94,916,17.2,2.3,2,12.32
VFL-574,72.5,1.91,189,142,58,1.44,976,28.2,3.6,2,26.6
OMT-536,50.8,1.81,196,132,74,1.28,794,14.5,3.2,3,22.58
LJY-437,76.3,2,193,132,59,1.11,548,34.9,3.2,3,17.54
RIP-992,57.6,1.66,169,160,67,1.86,1332,30.9,2.7,4,30.42
OIC-612,62.3,1.53,185,153,68,1.3,1382,20.5,1.6,2,34.48
FIL-031,98.3,1.84,178,161,74,1.58,576,23.3,1.6,3,16.15
QGS-152,88.8,1.69,171,127,70,1.21,1097,25.6,3.4,,19.29
XLI-472,60.1,1.93,187,140,58,1.48,875,29.7,3.1,5,24.29
JUX-982,65.3,1.76,192,161,57,1.16,1092,32.1,1.9,4,23.82
MRP-237,61.8,1.88,189,142,73,1.02,1033,23.7,2.3,4,21.86
NEJ-015,40,1.63,192,157,64,1.31,1078,10,2.8,3,14.92
PQL-127,67.4,1.79,185,169,59,1.27,1398,18.9,3.4,5,25.14
WPJ-590,101.6,1.73,190,133,56,1.38,1047,22.1,3.2,3,40.75
VIM-427,54.9,1.93,187,165,70,0.94,836,26.7,3.7,4,13.37
DGE-959,46.8,1.67,164,153,74,1.53,684,15.2,2.3,4,12.32
FKU-877,57.8,1.89,168,165,67,1.38,1099,25.6,1.5,,15.3
OHO-068,57.7,1.76,160,152,59,1.82,314,23.2,1.8,4,12.32
SHS-349,80.1,,192,153,50,0.55,1222,31.7,1.5,3,19.51
LMB-758,88.3,1.72,195,158,70,,1327,12.3,3.6,3,33.99
KGW-026,61.6,1.77,170,130,74,2,1068,24.3,1.5,5,24.78
SWJ-095,92.4,1.52,197,135,59,1.12,1515,25.9,3.2,3,16.46
TSF-066,100,1.75,190,169,67,1.46,1573,20.8,3.4,4,
YKC-231,129.9,1.7,190,169,69,1.38,735,10,2.1,3,16.07
PVW-046,51,1.56,193,140,64,1.41,1347,28.6,3.5,2,25.42
CBV-235,71,1.81,199,158,68,1.87,1228,29.6,2.7,2,14.52
LNV-104,40,1.77,181,127,51,0.76,1382,15.3,2.6,4,14.09
TAN-075,76.2,1.64,169,137,72,0.74,1207,23.3,2.7,,40.63
ZOP-803,75.6,1.57,163,152,71,0.96,668,25.8,2.3,4,26.35
BSP-897,79.1,1.74,192,167,74,0.93,1157,18.7,1.9,2,13.83
TWF-471,49.1,1.7,162,167,63,1.1,891,23.5,2.9,3,15.73
OXA-492,63.8,1.74,199,140,55,1.5,741,28.1,1.6,3,25.22
NRP-629,62.1,1.71,172,169,55,1.52,854,27.4,3.7,3,
GRV-816,84.5,1.56,194,124,70,1.31,734,23.6,3.3,2,21.57
PBL-380,40,2,192,134,55,1.44,1116,12,2.6,2,21.2
UOG-606,55,1.6,172,164,53,1.85,1361,20.6,3.4,4,16.04
KSY-735,58.7,1.66,183,149,74,1.15,1368,23.1,2.3,4,12.32
NHG-730,55.7,1.8,168,167,64,1.53,600,34.4,2.8,4,25.27
ULZ-930,47.4,1.73,178,150,57,1.64,962,28.8,2,4,20.91
CCH-886,64.8,1.71,174,164,57,1.64,857,26.2,2.7,4,23.64
JNB-415,40,2,176,162,69,1.45,949,26.9,3.2,3,30.36
OHR-917,91.5,,189,169,58,1.51,786,24.6,3.6,3,19.09
MPF-874,71.4,1.68,180,143,68,1.37,606,23.8,3.2,2,21.59
HJU-258,91.7,1.74,172,166,56,1.28,892,19.8,3.1,4,12.32
WFO-498,79.4,1.56,171,126,69,1.42,963,21.3,3.1,3,26.3
MTB-828,50.1,1.69,185,169,64,1.68,1001,27.4,1.6,4,22.3
GMF-268,85.9,1.7,162,143,56,2,1455,28,3.3,3,12.78
YJY-505,63.6,1.57,165,169,74,1.09,1148,15.1,3.4,4,13.15
VGI-567,40,1.74,194,155,68,1.4,716,30.6,1.5,4,20.16
MTM-550,53,1.83,182,149,55,1.33,821,23.6,3.4,4,22.89
EOR-956,61.1,1.69,190,123,64,0.62,1227,23.8,3.6,2,19.83
VVE-407,79.4,1.58,163,125,74,1.49,663,24,2.4,3,12.32
HVT-491,61.7,1.52,177,160,54,0.54,1266,23.1,1.7,4,12.32
XLK-061,64,1.85,184,147,71,1.05,571,27,2,5,14.26
MYJ-876,50.7,1.86,171,149,74,1.29,580,,3.6,3,21.13
KOG-374,,1.54,161,156,74,0.68,882,28.9,2.6,4,12.32
KZO-568,46.9,1.75,192,146,63,2,748,15.3,1.7,4,12.48
OAS-073,67.4,1.83,167,122,66,1.49,1032,30.6,3.1,5,18.29
ZSZ-126,62.2,1.7,168,155,55,0.62,1596,35,3.2,2,16.7
NIB-599,80.2,1.74,187,141,72,1.23,1326,21.2,2.8,2,16.1
SJW-440,67.9,1.7,163,124,68,1.43,1338,13,3.1,5,13.87
AZJ-987,66.4,1.76,175,140,69,1.55,640,24.7,3.5,4,29.07
QPW-826,86.4,1.59,187,169,50,2,1336,27.6,1.6,4,14.57
WYG-879,48.1,1.58,181,125,70,1.88,695,23.1,3.3,3,26.69
UVM-354,50.9,1.51,174,130,58,2,1743,26.9,3.5,,22.5
YAK-117,48.4,1.81,178,120,71,1.45,1004,23.1,1.5,3,31.33
TLI-395,87.3,1.65,176,137,74,0.91,1262,31.5,,4,26.33
YSF-080,60.7,1.62,198,120,71,1.35,967,31.2,3.2,4,23.83
QOU-576,75.8,1.7,199,129,60,0.87,922,24.2,1.9,2,15.58
ENW-151,53.5,1.68,180,155,57,0.86,875,22.6,3.3,2,20.61
AAR-023,52.7,1.65,199,138,74,1.92,1102,24,3.3,2,18.38
EJA-645,60.2,1.75,166,155,57,0.92,819,10,3.2,5,12.32
SCV-806,81.9,1.63,168,126,56,1.17,760,23.1,2.1,4,12.32
TDR-506,72.4,1.74,189,127,60,1.4,1090,16.9,1.6,2,17.68
BXU-897,56.6,2,190,123,65,1.25,1309,14.7,3.5,4,17.83
CRC-142,47.2,1.81,187,129,,1.19,919,30.5,1.9,4,31.5
JLF-126,79,1.6,165,149,,1.59,1245,,2.2,3,18.69
ZSC-707,57,1.76,170,160,71,1.82,904,30.9,3.3,4,16.01
FUR-348,52.8,1.61,169,169,70,0.88,1375,24.2,2.7,5,18.1
DTA-967,58.4,2,179,139,60,1.21,1379,23.3,3.2,4,22.61
RKB-013,69.5,1.65,192,140,52,1.71,1163,29.8,3.5,4,15.8
RYC-340,87.2,1.5,193,152,58,1.28,1538,23.2,2.1,3,16.29
MFI-415,40,1.88,174,148,50,1.94,1436,27.4,,2,12.32
FYL-390,42.4,1.79,176,135,56,1.63,843,27.1,1.5,2,18.17
CIT-712,68.7,1.77,186,,63,1.85,1118,28.5,3.5,3,17.39
HHN-793,72.1,1.71,173,156,72,1.61,606,12,2.7,2,17.91
OYN-657,40,1.89,177,134,71,,1270,23.9,1.9,,18
KFB-390,113.1,1.73,165,135,58,1.5,1081,26.2,3.3,4,12.32
PHO-056,58.7,,161,130,69,1.07,733,28.6,1.9,3,12.87
LSN-095,57.4,1.66,189,136,62,1.55,1068,24.6,3.4,2,
LPS-969,85.7,1.53,185,133,52,1.02,1108,24,3.4,3,14.19
MGP-625,52.2,1.73,196,134,74,2,684,27.4,2,3,21.27
NDA-104,104.3,1.83,160,,64,1.83,1122,22.1,2.8,4,16.99
LKZ-570,52.3,1.59,161,121,74,2,723,20.3,3.3,3,22.56
LNZ-623,46.5,1.83,176,128,74,1.01,1061,10,2.5,4,14.63
CRZ-008,51.1,1.86,199,131,63,1,865,34.8,3.2,3,21.49
SQH-961,90.5,1.63,184,166,50,1.46,1217,31.3,2,5,12.99
UET-650,82.3,1.55,172,128,74,1.52,990,26.7,2,3,20.15
FVO-742,86,1.6,164,144,65,1.09,1196,17.4,1.5,2,20.18
ADO-357,45.9,1.83,192,120,55,1.49,808,22.4,1.5,3,17.82
YIW-665,40,1.61,176,156,59,,582,15.1,3.4,4,25.61
WXP-418,51.2,1.9,162,160,60,1.25,988,21.6,2.5,3,22.51
WSC-902,40.6,1.92,166,169,57,1.33,1783,17.1,3.6,5,12.32
EHJ-564,58.3,1.77,167,153,74,1.41,969,29.5,2.6,2,20.47
JME-083,76.3,1.95,188,125,72,0.95,899,21.7,2.3,5,26.08
ZAB-575,60.5,1.54,195,126,56,1.27,1237,29.1,3.7,4,21.23
HSZ-330,66.3,1.76,164,120,74,1.44,419,25.4,2.6,3,20.67
RSL-941,97.1,1.86,166,127,72,1.39,1783,11,1.5,4,16.27
AII-778,89.6,1.62,175,137,56,1.09,906,23.9,1.6,3,25.68
IJJ-702,42.7,1.82,196,145,68,1.24,1436,26.3,3.7,4,42.84
PKH-675,103.3,1.72,180,162,58,0.66,1104,22.6,3.2,2,12.42
ZPX-358,76.8,1.72,193,126,69,1.26,790,31.8,3.3,4,25.47
EWH-305,129.9,1.69,168,152,74,1.61,810,27.5,3.5,,23.37
LPX-210,60.8,1.78,189,147,73,1.04,951,27.3,3.3,4,
UNU-719,40,1.88,196,162,58,1.59,1131,30.4,2.6,3,21.91
ZHZ-665,92.8,1.59,161,150,52,1.19,1640,23.8,2.6,3,15.84
BEA-303,78.6,1.7,161,168,65,2,855,10,3.2,2,16.53
UKA-252,84,1.7,194,156,73,0.5,580,20.5,2.5,3,13.38
YPE-750,76.3,1.88,169,161,69,,1265,24.2,1.5,4,14.97
BDZ-949,60.7,1.57,179,135,69,1.24,964,26,2.9,3,15.19
NPO-227,40,1.81,189,157,71,1.32,1298,20.1,3.4,2,16.68
GPY-189,129.9,1.56,189,138,73,2,993,34,2.3,3,24.54
ISG-397,63,1.71,189,126,57,1.24,1175,25.6,3.2,3,15.02
TCY-079,65.6,1.87,189,168,56,1.16,1437,16.3,3.5,2,17.53
AGZ-563,77,1.69,191,154,58,1.16,1187,29.1,3.2,4,12.32
HPI-112,75.5,1.85,181,147,59,1.22,1267,21.8,2.8,3,18.19
LYI-074,79.8,1.53,172,148,72,1.98,1132,14.7,1.7,3,16.6
SYV-973,,1.8,160,155,74,1.26,906,23.9,3.2,4,18.21
THJ-300,69.5,1.75,178,131,74,1.51,1651,32.4,1.6,3,21.58
WFR-312,76.5,1.75,198,139,57,1.22,984,12.5,3.4,3,32.82
ORI-940,40,1.75,185,125,54,2,870,18.7,1.8,3,17.77
GTL-999,49.7,1.82,179,169,71,1.55,968,32.2,3.6,4,21.87
RLY-323,40,1.79,189,144,67,2,1285,27.2,2.6,3,15.69
IAK-958,71.8,1.51,190,167,59,1.84,1321,26.6,3.2,4,12.97
NXE-039,78.7,1.61,193,137,55,0.93,1668,24.5,2.3,,19.47
QQG-911,73,1.69,196,135,67,1.93,881,10,2.2,2,23.54
FZM-933,56.6,2,173,131,71,1.65,680,24.1,1.9,3,37.62
LSL-009,72.9,1.58,178,153,57,0.94,1139,25.9,3.5,2,18.97
YEG-418,55.4,1.6,185,144,67,2,1015,30.6,2.7,4,20.82
JGX-794,40,1.79,194,162,60,1.39,1012,23.7,2.8,4,13.81
ZUO-326,46,1.71,163,145,54,1.29,671,21.4,3.1,2,14.68
DWY-523,108.7,1.75,199,131,74,0.86,1080,24.1,1.9,3,16.46
SIM-784,59.6,1.6,187,127,69,1.41,573,22.7,2.2,3,21.54
BFB-395,41.9,1.59,166,165,50,2,898,24.6,3.2,3,14.53
DZF-795,85,1.73,161,128,64,1.34,812,16.6,3.2,4,13.34
DOY-692,72.3,1.8,199,120,74,1.33,457,26.5,2.3,4,12.32
QIW-032,95,1.85,168,140,56,1.3,958,20.5,3.3,3,12.66
DPV-902,65.7,1.97,167,144,53,1.1,872,19.1,2,4,19.14
JAP-986,60.5,1.76,160,146,67,0.58,1172,26.4,,4,28.93
YAU-250,62.4,1.72,168,164,74,0.91,1042,27.1,3.4,5,29.29
MDD-817,58.2,1.62,170,163,60,1.21,1524,26.5,2.8,3,12.32
LVW-940,73.3,1.86,187,123,60,1.22,1254,35,1.9,4,15.26
EGZ-523,44.9,1.73,176,158,74,2,905,27,2.1,3,23.8
RKO-923,62.6,1.71,192,158,57,1.99,1081,31.3,3.5,2,31.79
LMM-970,94.2,1.86,172,148,61,1.34,685,28.9,1.8,3,22.89
NYZ-513,40,1.63,165,159,74,2,935,28.2,1.6,2,12.98
GKA-789,99.6,1.72,164,169,70,1.41,962,23.6,3.7,5,28.7
ISI-030,60.7,2,188,169,74,1.42,705,23.3,3.2,4,21.91
XFC-224,58.1,1.65,168,130,60,1.18,850,22.4,3.1,3,12.32
IFO-626,74.6,1.58,172,165,68,1.4,1271,15.6,2.7,2,13.23
HEP-634,86.7,1.86,174,152,74,1.12,712,12.8,2.4,5,14.31
FMG-177,52.8,1.74,177,169,66,1.6,1286,26.4,3.2,4,20.83
WSH-657,65.9,1.74,195,169,73,2,1231,30.5,3.2,5,12.32
ZKL-708,49.6,1.52,191,,59,1.59,744,22.2,1.6,3,20.97
QUI-754,91.2,1.5,193,165,61,1.13,905,24,3.4,4,24.8
ILR-433,61,1.69,190,159,63,0.99,1040,23.6,3.6,5,18.07
GEX-541,90,1.74,194,167,57,1.36,764,25,2.6,4,13.77
BPR-127,88.8,1.56,198,160,53,1.18,1086,32.6,3.4,4,30.43
MNF-703,53,1.92,199,134,68,1.12,790,19.8,3.5,4,16.18
HLE-821,40,1.82,176,141,66,1.34,1709,24.1,3,4,15.3
FBS-205,40,1.88,188,131,54,1.29,840,11.9,1.9,3,18.81
WNE-139,72.9,1.71,164,122,73,1.78,432,27.8,1.5,2,20.67
HUM-261,62.5,1.87,185,167,73,0.96,1353,29.6,2.3,4,31.91
GMG-839,73.9,1.75,192,165,74,1.64,816,35,1.5,3,22.1
LUZ-851,57.6,1.7,167,141,68,0.88,710,14.7,1.5,3,15.66
XTE-725,63.8,1.8,192,129,54,1.92,1229,13.8,3.1,4,14.24
RED-355,59.8,1.77,186,151,55,0.97,792,23,2.1,3,24.41
SQT-396,80,2,173,125,56,1.82,773,22.3,2.8,4,14.62
CEY-368,92.4,1.79,,128,52,0.52,724,25.3,3.1,5,12.85
VOV-368,72.1,1.78,167,163,58,0.84,536,12.1,2.9,3,12.32
WMT-377,79.3,1.65,181,149,64,1.4,501,12,2.3,2,24.84
GST-280,76.4,1.84,164,161,69,1.2,978,17,3,3,21.69
RYB-033,40,1.68,183,167,64,1.45,1642,28.2,2.3,3,17.03
XYX-348,61.7,1.81,183,141,72,0.98,1443,31.4,2.6,4,20.6
DKL-582,75.2,2,196,141,73,1.13,753,33.8,3.6,4,16.39
WXO-005,77.7,1.81,187,149,54,1.08,842,33,3,2,12.32
UOV-987,58.2,1.7,189,134,55,0.73,785,24,1.6,4,12.46
ZKI-792,102.1,1.53,178,152,50,2,1783,26.5,2.1,3,38.34
AYG-637,89.1,1.78,174,120,51,1.52,574,27.6,1.5,4,20.61
WDW-524,77.9,1.87,183,169,59,1.28,691,24,3.4,2,15.67
MWE-133,44.3,1.76,180,129,58,1.85,494,25.8,3.2,4,16.48
ESZ-808,83.2,1.64,171,164,69,1.19,1392,22.9,3.5,3,14.97
QVW-289,100.1,1.97,192,164,73,2,1747,25.5,1.5,4,22.68
YPF-222,66.7,1.55,186,169,55,1.48,781,19.4,2.5,3,12.32
JJZ-600,101.5,1.57,184,120,55,1.02,601,17.7,2.3,5,46.11
HWK-153,89.7,1.78,184,142,53,0.53,1662,24.2,1.5,3,39.54
QPV-764,47.8,1.69,182,153,68,1.63,1249,20.2,1.5,4,12.32
IJQ-459,60.5,1.8,171,120,68,1.57,1452,27.1,3.2,3,12.32
QTA-831,79.1,1.73,188,151,58,1.32,1191,30.7,3.6,,18.31
SGA-224,74.2,1.83,194,153,60,1.24,1632,27.3,3,4,20.18
JZI-078,80.6,1.76,177,163,,2,1783,27.5,3.4,4,13.09
VPY-315,80.7,1.8,193,153,57,1.18,930,27.2,2.3,3,13.63
UVF-783,73.1,1.73,166,161,69,1.64,765,27,3.3,4,21.47
GPP-840,102.9,1.64,188,124,74,1.24,700,24.2,3.3,4,14.76
XYC-664,82.4,1.66,192,148,72,1.11,1090,26.3,3.4,2,18.08
UJX-017,59.8,2,188,144,70,2,1337,32.9,3.1,3,14.17
BAM-994,75.7,1.61,192,147,52,0.92,1211,21.2,2.4,3,23.19
CIG-914,49.7,1.86,161,,62,1.12,867,15.2,1.8,4,12.32
NNG-429,95.9,1.69,175,129,58,1.22,1674,27.5,2.1,3,24.01
VTB-356,60.8,1.64,161,127,74,1.57,1132,20.7,3.7,3,19.54
ZPM-476,42.9,1.51,163,131,74,2,526,15.3,3.3,5,13.74
ERA-572,55,,172,149,62,1.43,1423,30,3.5,3,23.55
PLX-979,53,1.67,183,128,72,1.29,682,21.9,2.2,3,16.71
QSZ-145,40.4,1.71,176,130,70,1.97,1110,17,3.6,4,29.32
HUH-984,127.6,1.65,174,156,56,1.9,1084,20.4,3.4,5,15.36
WCG-776,47.5,1.81,,124,69,1.78,533,26.4,3.2,3,26.59
UXN-577,44,1.59,168,144,54,1.39,1040,29,3.4,2,27.49
NSF-262,81,1.78,196,151,67,2,1246,10,3.3,3,19.74
DYF-941,69.5,1.68,172,155,59,1.78,1350,23.6,1.6,3,16.62
OJG-548,66.7,1.72,171,153,65,1.15,776,18.7,2.5,4,22.98
LWI-103,40.3,1.79,183,120,68,1.24,1420,14.5,1.7,5,13.37
AJY-326,73.4,1.57,169,138,67,1.14,977,32.4,3,4,25.05
UXH-183,75.7,1.74,189,136,74,1.7,854,24,1.5,2,12.47
QOR-230,68.2,1.7,178,137,52,2,1181,23.5,3.3,3,31.92
PPH-911,124.8,1.75,176,161,59,1.2,1240,10,3.3,3,28.03
BNL-017,68.5,1.73,175,142,58,1.2,840,19.3,2.1,2,12.32
CPI-913,94.6,1.69,167,158,57,0.75,1534,33.1,2,4,22.21
ANZ-666,98,1.59,179,141,62,1.04,729,14.2,1.5,3,18.32
XVE-371,91,1.55,174,136,74,0.99,1216,27,3.5,3,16
QOL-635,75.4,1.64,198,167,63,1.14,1045,20.5,1.5,3,30.23
NZZ-947,44.9,1.92,168,123,67,1.29,572,20.8,2.1,4,17.33
GMY-881,40,1.71,162,133,69,1.99,840,20.2,3.2,4,27.14
QHY-519,98.6,1.55,184,141,59,2,1172,27.8,3.2,2,23.47
JEJ-869,76.1,1.81,,153,74,2,1119,17.7,3.3,2,26.86
EIS-330,40,1.72,182,120,70,1.22,1178,14.6,1.9,4,17.87
HTT-753,96.5,1.54,168,160,70,1.43,1573,35,3.4,4,20.43
WLJ-785,40,2,169,138,72,1.08,576,31.2,2.9,2,20.21
MBQ-717,56.2,1.74,170,151,66,0.99,1215,26.9,2.9,4,20.61
PBN-128,64.3,1.79,188,148,62,1.63,1192,16.3,2.2,5,13.91
IPF-913,49.3,1.71,180,152,73,1.04,956,32.9,1.7,4,12.65
NKZ-894,54.5,1.67,196,148,73,1.21,819,29.4,3.1,3,15.16
OMB-446,64.2,1.78,192,130,74,1.38,1708,31.9,2.1,,25.59
RTV-473,40,1.71,178,169,69,1.3,1519,27.5,2.7,4,39.74
SHW-710,50.1,1.85,199,140,68,0.91,1243,30.7,2.8,4,25.82
WVH-933,40,2,193,121,,1.98,1282,25.7,2.6,4,27.96
YLH-094,71.9,1.66,177,,73,0.96,556,23.3,3.2,2,14.97
ZQE-142,44.9,1.79,166,120,74,1.66,811,16.2,3.3,3,29.4
BQK-892,55,1.77,161,142,74,1.04,1564,19.8,3.2,2,21.97
GEO-355,55.9,1.76,181,169,74,1.91,474,18.2,1.5,5,12.32
WVL-300,60.1,1.78,186,169,51,1.46,1108,35,2,3,16.06
DOL-664,68.2,1.91,188,131,69,2,1162,33.1,1.5,3,
FER-421,72.8,1.63,184,130,68,1.44,669,25.1,1.7,3,12.32
VJK-975,69,1.76,191,153,73,1.01,1276,16.7,2.9,4,13.89
YWH-431,47.1,1.72,194,145,50,,843,21.8,1.9,3,17.46
UUG-226,85.1,1.73,194,156,74,1.41,1024,28.9,3.5,4,13.22
ZLK-635,100.2,1.93,199,166,60,0.98,1076,24.6,2.7,4,16.49
KAD-294,45.8,1.59,177,126,74,0.92,1221,32.9,3,3,30.03
WZZ-203,77.6,1.6,183,165,72,0.66,1208,25.6,1.7,3,12.44
YHS-207,85.1,1.67,184,131,53,1.03,608,19.7,2.1,4,20.8
ZNP-362,78.2,1.63,191,169,74,2,1381,23.1,2.7,3,21.82
RGG-427,64.4,1.97,166,153,59,1.45,1132,27.9,2.9,3,23.33
HEO-943,79.7,1.75,168,132,74,1.67,445,23.9,3.4,4,25.28
ZJA-298,61.2,1.93,166,145,55,0.77,1015,18.8,1.5,4,12.32
GDU-488,82.5,1.66,166,134,50,0.95,640,11.2,3.4,5,21.01
ELW-026,93.2,1.63,,153,55,1.21,389,25.8,1.5,3,24.94
OAA-077,90,1.69,180,160,72,2,717,20.6,3.3,4,13.72
ISM-210,57.4,1.58,192,152,70,1.38,1137,18.3,3.2,2,20.91
EKE-299,67.5,1.71,173,,60,1.1,511,20.6,1.5,4,18.75
NCC-536,87.6,1.81,179,140,56,0.9,645,22.1,3.6,2,18.22
ULH-191,71,1.66,168,131,74,1.1,567,20.3,3.7,4,28.31
NRF-398,53.4,1.75,177,120,70,0.68,1257,26.7,2.7,5,35.28
TGV-874,56.5,1.61,189,123,58,2,1093,32.6,3.5,3,25.74
AXG-394,55.5,1.69,198,132,71,1.85,1590,15.3,2.2,3,27.8
XWR-798,62.2,1.5,192,132,61,2,913,11.4,1.5,3,22.96
EYJ-549,77.7,1.66,193,120,72,1.21,1115,11.3,2.2,2,22.23
VVV-992,87.9,1.54,177,129,58,1.93,1010,21.1,3.3,3,29.54
FQH-110,47.2,1.83,,146,54,1.3,775,29.9,3.4,4,13.01
SKQ-005,80.8,1.91,184,,59,0.99,780,23.6,3.3,4,18.61
CGM-354,80.8,1.71,162,163,74,1.86,900,19.4,2,2,12.54
QFX-416,55.4,1.68,197,,52,1.04,338,27.4,3.2,,17.71
ETS-803,72.1,1.83,164,152,58,1.58,1091,34.4,3.3,4,16.92
XAP-180,68.9,1.65,171,132,50,1.19,767,23,,3,20.71
DLK-144,55.3,1.73,183,134,51,1.1,976,31.3,2.8,2,16.26
XJB-561,46.3,1.69,181,141,67,1.64,1445,20.7,2.5,4,19.11
DOI-458,62.1,1.85,196,151,64,1.28,943,26.7,3.3,4,20.37
DXD-525,40,1.59,190,161,70,1.16,670,24.5,3.3,4,
FNZ-179,94.4,1.7,193,127,70,1.27,1183,16.4,3.4,4,19.3
CUE-452,69.4,1.61,173,169,66,1.09,948,28.3,1.5,2,12.32
HJA-743,77.5,1.5,175,142,70,1.58,1141,21.2,1.8,3,12.32
PRM-694,63.1,1.84,185,158,56,1.3,1248,31.9,3.5,3,26.39
NRM-770,108.7,1.55,163,122,68,1.19,1104,26.9,1.6,4,26.23
PCU-753,85.3,1.69,162,136,71,1.49,859,22.8,3.4,4,19.95
MYH-574,108.5,1.97,192,120,74,2,1091,27.2,1.5,2,23.59
WPK-970,60.2,1.76,194,169,72,1.7,1114,31.4,1.8,4,32.81
OVV-372,58,1.89,182,163,72,1.39,1156,26,3.4,5,23.79
IMS-365,48.3,1.81,167,134,69,1.97,1276,26.1,1.8,3,20.81
HPI-084,44.2,1.5,194,154,74,1.11,612,24,3.5,2,20.62
MLQ-846,58,1.6,168,143,52,1.28,834,21,3.6,4,22.2
GUF-291,75.8,1.63,192,131,64,0.98,921,26.5,1.5,4,14
KSB-330,40,1.92,194,128,72,1.89,1753,10,3.4,5,15.24
OAB-261,40,1.81,164,139,62,1.35,658,15.4,,4,
LVI-868,44.2,1.61,168,164,73,1.13,1011,28.8,2.5,4,14.92
YWK-655,94.5,1.84,160,158,61,1.2,1063,26.6,2.6,3,12.32
AYI-201,79.6,1.68,180,137,67,2,920,28.6,1.8,,23.26
TDQ-551,81.1,1.78,195,143,72,1.07,770,22.5,2.5,3,12.51
AGG-818,40,1.92,163,129,68,1.22,1025,22.7,3.3,2,23.28
RCR-978,77.3,1.58,180,140,61,1.57,1333,23.5,1.5,2,12.32
HJG-726,61.3,1.96,193,169,65,2,947,31.1,3.5,5,24.18
FYF-004,78.5,1.5,189,169,60,1.67,954,17.9,2.4,3,21.98
YSB-316,116.2,1.65,194,160,74,1.98,1036,22.1,2.4,4,23.58
YSO-005,58.7,1.78,195,154,59,1.34,1015,29.5,2.8,2,18.67
MTW-268,69.1,1.74,175,127,53,1.61,1411,31.9,3.6,2,18.07
FUB-248,94.5,1.73,198,135,74,1.16,717,23.8,1.6,4,17.52
MNY-118,40,1.66,176,134,57,2,931,27.2,2.7,3,23.21
JNU-494,53,1.58,161,128,74,1.62,953,23.4,2.5,2,13.02
TWJ-994,50,1.75,186,135,59,2,695,23.4,1.6,4,49.84
FOH-922,59,,169,134,67,1.36,1783,24.5,2.4,3,12.32
HKL-234,85.5,1.77,175,156,50,1.13,766,14.6,3.4,2,16.38
SIL-219,78.6,1.98,194,136,69,1.3,1590,27.2,2.3,4,25.52
LRA-205,40,1.5,172,169,59,1.52,1107,24.9,2.8,3,36.71
MQA-796,40,1.88,164,154,70,1.63,1109,20.7,1.7,2,12.64
WQR-064,77.4,1.54,169,149,50,2,867,29,3.6,5,13.58
JFN-151,82.7,2,178,138,72,1.46,1219,25.8,3.6,4,24.74
QER-824,58.7,1.72,189,152,58,1.21,1063,21.2,1.6,3,23.03
PEV-545,101.8,1.51,163,169,72,1.42,1384,25.6,3.3,4,20.89
PNA-239,60.5,1.72,187,139,50,1.34,1096,20.9,3.7,4,25.58
XCB-626,,1.7,181,144,56,1.47,574,26.3,2.6,4,14.96
WPY-883,89.3,1.58,184,135,58,1.58,995,24,2.9,4,19.02
SOA-830,101.4,2,190,169,63,,1772,20.7,2.6,4,38.99
ICG-824,60.6,1.81,170,159,71,1.45,577,24.8,3.7,3,13.74
OOR-998,53.6,1.7,188,126,73,0.97,1083,30.4,3.4,4,12.32
AYC-164,41.1,1.67,184,133,74,0.63,804,25.6,2.8,5,14.26
BXY-212,87.9,1.75,183,130,74,1.54,1273,24.2,1.6,3,12.32
MRQ-300,71,1.84,190,120,53,1.93,1700,24.7,3.1,,21.97
GIP-401,81.1,1.92,190,125,61,1.18,690,26.1,3.1,4,17.99
FXN-301,99.1,1.5,185,159,74,1.38,995,17.8,1.5,4,24.56
KDN-029,46.5,1.65,182,169,70,1.34,806,24.1,3.5,2,12.32
AYT-273,69,1.82,170,133,53,1.24,1610,30.1,2.8,2,20.05
AKX-418,93.7,1.66,168,169,68,1.97,875,29,3.4,4,13.87
YDL-233,69.4,2,195,130,,1.34,1197,19.5,2.6,3,14.99
GFF-004,77.1,,177,169,72,1.73,1538,26.4,3.6,3,13.97
AZO-370,41.4,1.71,183,168,73,0.94,1253,30.8,3.2,3,14.6
BJJ-355,42.6,1.61,172,122,69,1.13,462,14.9,2.5,2,15.67
KPQ-309,76.7,1.99,192,131,74,1.14,1263,28.3,1.6,5,14.98
ASH-677,58.4,1.65,169,141,53,2,1109,24,2.3,2,35.49
HRC-332,40,1.86,187,126,71,1.6,1059,14.7,3,2,12.32
EBX-650,71.7,1.71,187,,74,1.39,542,26.5,3.1,3,12.32
